PLAC,DIVI,OPEC,SECTION,DIVISION,DIVISION_NAME,DIVISION_NAME_ABBR,VENDOR,VENDOR_NAME,PO_NO,ITEM_NO,ITEM_NAME,SPEC,DRAW,AC,DEPT,ORGN,WC,CL,PO_DATE,DUE_DATE,REPLY_DATE,CLOSED_DATE,PRINT_FLG,TOCK_TYPE,RCV_TYPE,INV_DATE,INV_NO,REPLY_QTY,REPLY_UNIT,REPLY_UP,REPLY_AMT,REPLY_CUR,TAX_RATE,TAX_AMT,TOTAL_AMT,TRAD,ETD_DATE,ETA_DATE,EFC_DATE,TAX_INVOICE,RCV_FLG,RCV_DATE,STATUS,REMARK,
T2,71,DM,71DM,T271DM,SPINDLE MOTOR,ASSY,1760528,MINEBEA TRADING (SHANGHAI) LTD.,YD48787,752383100,SPINDLE MOTOR (BASE TYPE),P<12V V<24W,,6201Z,,,,40,27/01/2026,27/01/2026,27/01/2026,,A,N,Import Invoice,27/01/2026,202601230005,1,PCS,2.876,2.88,UD,0,0,2.88,M,,,,SHA-202601230005,,,WAITING RECEIVE,P/O BALANCE,
T2,71,DM,71DM,T271DM,SPINDLE MOTOR,ASSY,2004513,SANADA (THAILAND) CO. LTD.,YE2532W,TA410-9,SENSOR FOR SOLDERING IRON,NO.36085,,6201-E,00,DMGC,,LC,09/01/2026,29/01/2026,15/01/2026,,A,N,E-Procurement,27/01/2026,D0008320575,10,PCS,2500,25000,BT,7,1750,26750,,,,,6901-0173,,,WAITING RECEIVE,P/O BALANCE,
T2,71,DM,71DM,T271DM,SPINDLE MOTOR,ASSY,2006464,WING FUNG ADHESIVE MANUFACTURING(THAILAND)CO. LTD.,YD48429,088-ALL30301FRH,USED SLEEVE BOX,(NMB REV.A),ALL MODEL,4604AJ,11,,,LC,23/12/2025,05/01/2026,05/01/2026,,A,A,E-Procurement,27/01/2026,D0008320729,100,PCS,27.6,2760,BT,7,193.2,2953.2,,,,,IV69-00823,,,WAITING RECEIVE,P/O BALANCE,
T2,71,DM,71DM,T271DM,SPINDLE MOTOR,ASSY,2006464,WING FUNG ADHESIVE MANUFACTURING(THAILAND)CO. LTD.,YD48430,088-1AH30601FRH,USED COVER,TOP/BOTTOM,,4604AJ,CO,,,LC,23/12/2025,05/01/2026,05/01/2026,,A,A,E-Procurement,27/01/2026,D0008320729,150,PCS,13.72,2058,BT,7,144.06,2202.06,,,,,IV69-00823,,,WAITING RECEIVE,P/O BALANCE,
T2,71,DM,71DM,T271DM,SPINDLE MOTOR,ASSY,2006464,WING FUNG ADHESIVE MANUFACTURING(THAILAND)CO. LTD.,YD48431,088-1DB32101FRH,USED PAPER BOX,-,EAGLE FCC 2 3D,4604AJ,11,,,LC,23/12/2025,05/01/2026,05/01/2026,,A,A,E-Procurement,27/01/2026,D0008320729,1800,PCS,6.86,12348,BT,7,864.36,13212.36,,,,,IV69-00823,,,WAITING RECEIVE,P/O BALANCE,
T2,71,DM,71DM,T271DM,SPINDLE MOTOR,ASSY,2006464,WING FUNG ADHESIVE MANUFACTURING(THAILAND)CO. LTD.,YD48432,088-1DB32001FRH,USED COVER PAD,-,EAGLE FCC 2 3D,4604AJ,11,,,LC,23/12/2025,05/01/2026,05/01/2026,,A,A,E-Procurement,27/01/2026,D0008320729,300,PCS,1.8,540,BT,7,37.8,577.8,,,,,IV69-00823,,,WAITING RECEIVE,P/O BALANCE,
T2,71,DM,71DM,T271DM,SPINDLE MOTOR,ASSY,2006464,WING FUNG ADHESIVE MANUFACTURING(THAILAND)CO. LTD.,YD48433,088-1DB32201FRH,USED BOTTOM PAD,-,EAGLE 2D/3D,4604AJ,11,,,LC,23/12/2025,05/01/2026,05/01/2026,,A,A,E-Procurement,27/01/2026,D0008320729,150,PCS,2.42,363,BT,7,25.41,388.41,,,,,IV69-00823,,,WAITING RECEIVE,P/O BALANCE,
T2,71,DM,71DM,T271DM,SPINDLE MOTOR,ASSY,2006464,WING FUNG ADHESIVE MANUFACTURING(THAILAND)CO. LTD.,YD48436,088-10315-07FRH,USED PALLET G,LUMBER (NMB REV.B),EAGLE 2D/3D,4604AJ,11,,,LC,23/12/2025,05/01/2026,05/01/2026,,A,A,E-Procurement,27/01/2026,D0008320729,2,PCS,48,96,BT,7,6.72,102.72,,,,,IV69-00823,,,WAITING RECEIVE,P/O BALANCE,
T2,71,DM,71DM,T271DM,SPINDLE MOTOR,ASSY,2006464,WING FUNG ADHESIVE MANUFACTURING(THAILAND)CO. LTD.,YD48438,088-1031506FR1H,USED PALLET F REWORK,PLY WOOD (NMB REV.B),YARRAR 1D,4604AJ,11,,,LC,23/12/2025,05/01/2026,05/01/2026,,A,A,E-Procurement,27/01/2026,D0008320731,204,PCS,48,9792,BT,7,685.44,10477.44,,,,,IV69-00824,,,WAITING RECEIVE,P/O BALANCE,
T2,71,DM,71DM,T271DM,SPINDLE MOTOR,ASSY,2006464,WING FUNG ADHESIVE MANUFACTURING(THAILAND)CO. LTD.,YD48440,,REWORK  PALLET  F,,,6225,01,,,LC,23/12/2025,05/01/2026,05/01/2026,,A,N,E-Procurement,27/01/2026,D0008320731,204,PCS,40,8160,BT,7,571.2,8731.2,,,,,IV69-00824,,,WAITING RECEIVE,P/O BALANCE,
T2,71,DM,71DM,T271DM,SPINDLE MOTOR,ASSY,2008653,JCY HDD TECHNOLOGY CO. LTD,YDC9517,1115-503-00094E,BASEPLATE,JCYFTK      D723587300 R.F(NMB.E),V11 1D,4520B2,12,DM03,,LC,12/12/2025,05/01/2026,05/01/2026,,A,A,E-Procurement,27/01/2026,D0008322402,5120,PCS,57.38,293785.6,BT,7,20564.99,314350.59,,,,,INMB2601/137,,,WAITING RECEIVE,P/O BALANCE,
T2,71,DM,71DM,T271DM,SPINDLE MOTOR,ASSY,2008653,JCY HDD TECHNOLOGY CO. LTD,YDC9521,1119-181-00032E,BASEPLATE,JCYFTK      D743071000 R.F(NMB.B),CIMARRON BP 4D,4520B2,12,DM03,,LC,12/12/2025,05/01/2026,05/01/2026,,A,A,E-Procurement,27/01/2026,D0008322400,10240,PCS,80.34,822681.6,BT,7,57587.71,880269.31,,,,,INMB2601/136,,,WAITING RECEIVE,P/O BALANCE,
T2,71,DM,71DM,T271DM,SPINDLE MOTOR,ASSY,2009742,PHUMEPHAT TRADING LIMITED PARTNERSHIP,YD48400,,REHEAT TREMENT  PALLET,,,6225,01,,,LC,22/12/2025,05/01/2026,05/01/2026,,A,N,E-Procurement,27/01/2026,D0008320640,10,PCS,30,300,BT,7,21,321,,,,,NMB-2601047,,,WAITING RECEIVE,P/O BALANCE,
T2,71,DM,71DM,T271DM,SPINDLE MOTOR,ASSY,2009814,UNITED CONTAINER CO. LTD.,YD48419,088-ALL303-01F,SLEEVE BOX,(NMB REV.A),ALL MODEL,4604AB,12,,,LC,23/12/2025,05/01/2026,05/01/2026,,A,A,E-Procurement,27/01/2026,D0008320105,70,PCS,106.85,7479.5,BT,7,523.57,8003.07,,,,,26/01575,,,WAITING RECEIVE,P/O BALANCE,
T2,71,DM,71DM,T271DM,SPINDLE MOTOR,ASSY,2009814,UNITED CONTAINER CO. LTD.,YD48419,088-ALL303-01F,SLEEVE BOX,(NMB REV.A),ALL MODEL,4604AB,12,,,LC,23/12/2025,05/01/2026,05/01/2026,,A,A,E-Procurement,27/01/2026,D0008320108,80,PCS,106.85,8548,BT,7,598.36,9146.36,,,,,26/01576,,,WAITING RECEIVE,P/O BALANCE,
T2,71,DM,71DM,T271DM,SPINDLE MOTOR,ASSY,2009814,UNITED CONTAINER CO. LTD.,YD48419,088-ALL303-01F,SLEEVE BOX,(NMB REV.A),ALL MODEL,4604AB,12,,,LC,23/12/2025,05/01/2026,05/01/2026,,A,A,E-Procurement,27/01/2026,D0008320278,70,PCS,106.85,7479.5,BT,7,523.57,8003.07,,,,,26/01573,,,WAITING RECEIVE,P/O BALANCE,
T2,71,DM,71DM,T271DM,SPINDLE MOTOR,ASSY,2009814,UNITED CONTAINER CO. LTD.,YD48419,088-ALL303-01F,SLEEVE BOX,(NMB REV.A),ALL MODEL,4604AB,12,,,LC,23/12/2025,05/01/2026,05/01/2026,,A,A,E-Procurement,27/01/2026,D0008320282,60,PCS,106.85,6411,BT,7,448.77,6859.77,,,,,26/01574,,,WAITING RECEIVE,P/O BALANCE,
T2,71,DM,71DM,T271DM,SPINDLE MOTOR,ASSY,2009814,UNITED CONTAINER CO. LTD.,YD48420,088-1AH306-01F,COVER,TOP/BOTTOM,DORADO 10D,4604AB,12,,,LC,23/12/2025,05/01/2026,05/01/2026,,A,A,E-Procurement,27/01/2026,D0008320105,190,PCS,50.7,9633,BT,7,674.31,10307.31,,,,,26/01575,,,WAITING RECEIVE,P/O BALANCE,
T2,71,DM,71DM,T271DM,SPINDLE MOTOR,ASSY,2009814,UNITED CONTAINER CO. LTD.,YD48420,088-1AH306-01F,COVER,TOP/BOTTOM,DORADO 10D,4604AB,12,,,LC,23/12/2025,05/01/2026,05/01/2026,,A,A,E-Procurement,27/01/2026,D0008320108,170,PCS,50.7,8619,BT,7,603.33,9222.33,,,,,26/01576,,,WAITING RECEIVE,P/O BALANCE,
T2,71,DM,71DM,T271DM,SPINDLE MOTOR,ASSY,2009814,UNITED CONTAINER CO. LTD.,YD48420,088-1AH306-01F,COVER,TOP/BOTTOM,DORADO 10D,4604AB,12,,,LC,23/12/2025,05/01/2026,05/01/2026,,A,A,E-Procurement,27/01/2026,D0008320278,100,PCS,50.7,5070,BT,7,354.9,5424.9,,,,,26/01573,,,WAITING RECEIVE,P/O BALANCE,
T2,71,DM,71DM,T271DM,SPINDLE MOTOR,ASSY,2009814,UNITED CONTAINER CO. LTD.,YD48420,088-1AH306-01F,COVER,TOP/BOTTOM,DORADO 10D,4604AB,12,,,LC,23/12/2025,05/01/2026,05/01/2026,,A,A,E-Procurement,27/01/2026,D0008320282,180,PCS,50.7,9126,BT,7,638.82,9764.82,,,,,26/01574,,,WAITING RECEIVE,P/O BALANCE,
T2,71,DM,71DM,T271DM,SPINDLE MOTOR,ASSY,2009814,UNITED CONTAINER CO. LTD.,YD48421,088-1DB321-01F,PAPER BOX,NMB REV.A,DORADO 10D,4604AD,12,,,LC,23/12/2025,05/01/2026,05/01/2026,,A,A,E-Procurement,27/01/2026,D0008320105,2200,PCS,27.75,61050,BT,7,4273.5,65323.5,,,,,26/01575,,,WAITING RECEIVE,P/O BALANCE,
T2,71,DM,71DM,T271DM,SPINDLE MOTOR,ASSY,2009814,UNITED CONTAINER CO. LTD.,YD48421,088-1DB321-01F,PAPER BOX,NMB REV.A,DORADO 10D,4604AD,12,,,LC,23/12/2025,05/01/2026,05/01/2026,,A,A,E-Procurement,27/01/2026,D0008320108,2000,PCS,27.75,55500,BT,7,3885,59385,,,,,26/01576,,,WAITING RECEIVE,P/O BALANCE,
T2,71,DM,71DM,T271DM,SPINDLE MOTOR,ASSY,2009814,UNITED CONTAINER CO. LTD.,YD48421,088-1DB321-01F,PAPER BOX,NMB REV.A,DORADO 10D,4604AD,12,,,LC,23/12/2025,05/01/2026,05/01/2026,,A,A,E-Procurement,27/01/2026,D0008320278,2300,PCS,27.75,63825,BT,7,4467.75,68292.75,,,,,26/01573,,,WAITING RECEIVE,P/O BALANCE,
T2,71,DM,71DM,T271DM,SPINDLE MOTOR,ASSY,2009814,UNITED CONTAINER CO. LTD.,YD48421,088-1DB321-01F,PAPER BOX,NMB REV.A,DORADO 10D,4604AD,12,,,LC,23/12/2025,05/01/2026,05/01/2026,,A,A,E-Procurement,27/01/2026,D0008320282,2200,PCS,27.75,61050,BT,7,4273.5,65323.5,,,,,26/01574,,,WAITING RECEIVE,P/O BALANCE,
T2,71,DM,71DM,T271DM,SPINDLE MOTOR,ASSY,2009814,UNITED CONTAINER CO. LTD.,YD48422,088-1DB320-01F,COVER PAD,NMB REV.A,DORADO 10D,4604AF,12,,,LC,23/12/2025,05/01/2026,05/01/2026,,A,A,E-Procurement,27/01/2026,D0008320105,350,PCS,9.28,3248,BT,7,227.36,3475.36,,,,,26/01575,,,WAITING RECEIVE,P/O BALANCE,
T2,71,DM,71DM,T271DM,SPINDLE MOTOR,ASSY,2009814,UNITED CONTAINER CO. LTD.,YD48422,088-1DB320-01F,COVER PAD,NMB REV.A,DORADO 10D,4604AF,12,,,LC,23/12/2025,05/01/2026,05/01/2026,,A,A,E-Procurement,27/01/2026,D0008320108,300,PCS,9.28,2784,BT,7,194.88,2978.88,,,,,26/01576,,,WAITING RECEIVE,P/O BALANCE,
T2,71,DM,71DM,T271DM,SPINDLE MOTOR,ASSY,2009814,UNITED CONTAINER CO. LTD.,YD48422,088-1DB320-01F,COVER PAD,NMB REV.A,DORADO 10D,4604AF,12,,,LC,23/12/2025,05/01/2026,05/01/2026,,A,A,E-Procurement,27/01/2026,D0008320278,350,PCS,9.28,3248,BT,7,227.36,3475.36,,,,,26/01573,,,WAITING RECEIVE,P/O BALANCE,
T2,71,DM,71DM,T271DM,SPINDLE MOTOR,ASSY,2009814,UNITED CONTAINER CO. LTD.,YD48422,088-1DB320-01F,COVER PAD,NMB REV.A,DORADO 10D,4604AF,12,,,LC,23/12/2025,05/01/2026,05/01/2026,,A,A,E-Procurement,27/01/2026,D0008320282,350,PCS,9.28,3248,BT,7,227.36,3475.36,,,,,26/01574,,,WAITING RECEIVE,P/O BALANCE,
T2,71,DM,71DM,T271DM,SPINDLE MOTOR,ASSY,2009814,UNITED CONTAINER CO. LTD.,YD48423,088-1DB322-01F,BOTTOM PAD,NMB REV.A,DORADO 10D,4604AF,12,,,LC,23/12/2025,05/01/2026,05/01/2026,,A,A,E-Procurement,27/01/2026,D0008320105,190,PCS,11.5,2185,BT,7,152.95,2337.95,,,,,26/01575,,,WAITING RECEIVE,P/O BALANCE,
T2,71,DM,71DM,T271DM,SPINDLE MOTOR,ASSY,2009814,UNITED CONTAINER CO. LTD.,YD48423,088-1DB322-01F,BOTTOM PAD,NMB REV.A,DORADO 10D,4604AF,12,,,LC,23/12/2025,05/01/2026,05/01/2026,,A,A,E-Procurement,27/01/2026,D0008320108,170,PCS,11.5,1955,BT,7,136.85,2091.85,,,,,26/01576,,,WAITING RECEIVE,P/O BALANCE,
T2,71,DM,71DM,T271DM,SPINDLE MOTOR,ASSY,2009814,UNITED CONTAINER CO. LTD.,YD48423,088-1DB322-01F,BOTTOM PAD,NMB REV.A,DORADO 10D,4604AF,12,,,LC,23/12/2025,05/01/2026,05/01/2026,,A,A,E-Procurement,27/01/2026,D0008320278,170,PCS,11.5,1955,BT,7,136.85,2091.85,,,,,26/01573,,,WAITING RECEIVE,P/O BALANCE,
T2,71,DM,71DM,T271DM,SPINDLE MOTOR,ASSY,2009814,UNITED CONTAINER CO. LTD.,YD48423,088-1DB322-01F,BOTTOM PAD,NMB REV.A,DORADO 10D,4604AF,12,,,LC,23/12/2025,05/01/2026,05/01/2026,,A,A,E-Procurement,27/01/2026,D0008320282,180,PCS,11.5,2070,BT,7,144.9,2214.9,,,,,26/01574,,,WAITING RECEIVE,P/O BALANCE,
T2,71,DM,71DM,T271DM,SPINDLE MOTOR,ASSY,2009814,UNITED CONTAINER CO. LTD.,YD48424,088-15302-02FH,INNER BOX,CARTON BOX,AIRWALKER 4D,4604AD,11,,,LC,23/12/2025,05/01/2026,05/01/2026,,A,A,E-Procurement,27/01/2026,D0008321514,50,PCS,38.8,1940,BT,7,135.8,2075.8,,,,,26/01626,,,WAITING RECEIVE,P/O BALANCE,
T2,71,DM,71DM,T271DM,SPINDLE MOTOR,ASSY,2009814,UNITED CONTAINER CO. LTD.,YD48427,088-10300-76,CORNER PAPER S,SIZE 40X4X120 MM (NMB REV.A),IRIS SLIM V1,4604AB,12,,,LC,23/12/2025,05/01/2026,05/01/2026,,A,A,E-Procurement,27/01/2026,D0008320105,1000,PCS,0.96,960,BT,7,67.2,1027.2,,,,,26/01575,,,WAITING RECEIVE,P/O BALANCE,
T2,71,DM,71DM,T271DM,SPINDLE MOTOR,ASSY,2009814,UNITED CONTAINER CO. LTD.,YD48427,088-10300-76,CORNER PAPER S,SIZE 40X4X120 MM (NMB REV.A),IRIS SLIM V1,4604AB,12,,,LC,23/12/2025,05/01/2026,05/01/2026,,A,A,E-Procurement,27/01/2026,D0008320108,1000,PCS,0.96,960,BT,7,67.2,1027.2,,,,,26/01576,,,WAITING RECEIVE,P/O BALANCE,
T2,71,DM,71DM,T271DM,SPINDLE MOTOR,ASSY,2009814,UNITED CONTAINER CO. LTD.,YD48428,088-1LK303-01F,CONNER PAPER,SIZE 100X10X1010 MM(NMB REV.A),DORADO 10D,4604AB,11,,,LC,23/12/2025,05/01/2026,05/01/2026,,A,A,E-Procurement,27/01/2026,D0008320108,450,PCS,32,14400,BT,7,1008,15408,,,,,26/01576,,,WAITING RECEIVE,P/O BALANCE,
T2,71,DM,71DM,T271DM,SPINDLE MOTOR,ASSY,2009814,UNITED CONTAINER CO. LTD.,YD48428,088-1LK303-01F,CONNER PAPER,SIZE 100X10X1010 MM(NMB REV.A),DORADO 10D,4604AB,11,,,LC,23/12/2025,05/01/2026,05/01/2026,,A,A,E-Procurement,27/01/2026,D0008320278,450,PCS,32,14400,BT,7,1008,15408,,,,,26/01573,,,WAITING RECEIVE,P/O BALANCE,
T2,71,DM,71DM,T271DM,SPINDLE MOTOR,ASSY,2009814,UNITED CONTAINER CO. LTD.,YD48428,088-1LK303-01F,CONNER PAPER,SIZE 100X10X1010 MM(NMB REV.A),DORADO 10D,4604AB,11,,,LC,23/12/2025,05/01/2026,05/01/2026,,A,A,E-Procurement,27/01/2026,D0008320282,450,PCS,32,14400,BT,7,1008,15408,,,,,26/01574,,,WAITING RECEIVE,P/O BALANCE,
T2,71,DM,71DM,T271DM,SPINDLE MOTOR,ASSY,2107646,TOLI PACKAGING (THAILAND) CO. LTD.,YD48327,11B9-889-00016,TRAY,(TOP) D738337300 REV.A(NMB REV.A),M11P 5D,4604AG,12,,,LC,12/12/2025,05/01/2026,05/01/2026,,A,A,E-Procurement,27/01/2026,D0008320162,300,PCS,10.09,3027,BT,7,211.89,3238.89,,,,,INV260168,,,WAITING RECEIVE,P/O BALANCE,
T2,71,DM,71DM,T271DM,SPINDLE MOTOR,ASSY,2107646,TOLI PACKAGING (THAILAND) CO. LTD.,YD48328,11B9-888-00023,TRAY,BOTTOM D738317200 REV.A(NMB REV.A),M11P 5D,4604AG,12,,,LC,12/12/2025,05/01/2026,05/01/2026,,A,A,E-Procurement,27/01/2026,D0008320162,300,PCS,10.09,3027,BT,7,211.89,3238.89,,,,,INV260168,,,WAITING RECEIVE,P/O BALANCE,
T2,71,DM,71DM,T271DM,SPINDLE MOTOR,ASSY,2107646,TOLI PACKAGING (THAILAND) CO. LTD.,YD48329,11C0-889-00011,PACKING TRAYS,D749019300REV.A TOP(NMB REV.A),DORADO 10D,4604AG,11,,,LC,12/12/2025,05/01/2026,05/01/2026,,A,A,E-Procurement,27/01/2026,D0008320162,10200,PCS,9.29,94758,BT,7,6633.06,101391.06,,,,,INV260168,,,WAITING RECEIVE,P/O BALANCE,
T2,71,DM,71DM,T271DM,SPINDLE MOTOR,ASSY,2107646,TOLI PACKAGING (THAILAND) CO. LTD.,YD48330,11C1-888-00004,PACKING TRAYS,D754617700REV.A BOTTOM (NMB REV.A),DORADO 10D,4604AG,11,,,LC,12/12/2025,05/01/2026,05/01/2026,,A,A,E-Procurement,27/01/2026,D0008320162,10200,PCS,9.29,94758,BT,7,6633.06,101391.06,,,,,INV260168,,,WAITING RECEIVE,P/O BALANCE,
T2,71,DM,71DM,T271DM,SPINDLE MOTOR,ASSY,2107646,TOLI PACKAGING (THAILAND) CO. LTD.,YD48331,11B5-889-00001,PACKING TRAYS,TOP,ROSEWOOD 2D,4604AG,12,,,LC,12/12/2025,05/01/2026,05/01/2026,,A,A,E-Procurement,27/01/2026,D0008320162,600,PCS,10.09,6054,BT,7,423.78,6477.78,,,,,INV260168,,,WAITING RECEIVE,P/O BALANCE,
T2,71,DM,71DM,T271DM,SPINDLE MOTOR,ASSY,2107646,TOLI PACKAGING (THAILAND) CO. LTD.,YD48332,11B5-888-00001,PACKING TRAYS,BOTTOM,ROSEWOOD 2D,4604AG,12,,,LC,12/12/2025,05/01/2026,05/01/2026,,A,A,E-Procurement,27/01/2026,D0008320162,600,PCS,10.09,6054,BT,7,423.78,6477.78,,,,,INV260168,,,WAITING RECEIVE,P/O BALANCE,
T2,71,DM,71DM,T271DM,SPINDLE MOTOR,ASSY,2107646,TOLI PACKAGING (THAILAND) CO. LTD.,YD48333,11B5-889-00003,TRAY,TOP D718933800 A(NMB REV.A),V11 1D,4604AG,12,,,LC,12/12/2025,05/01/2026,05/01/2026,,A,A,E-Procurement,27/01/2026,D0008320162,2700,PCS,9.29,25083,BT,7,1755.81,26838.81,,,,,INV260168,,,WAITING RECEIVE,P/O BALANCE,
T2,71,DM,71DM,T271DM,SPINDLE MOTOR,ASSY,2107646,TOLI PACKAGING (THAILAND) CO. LTD.,YD48333,11B5-889-00003,TRAY,TOP D718933800 A(NMB REV.A),V11 1D,4604AG,12,,,LC,12/12/2025,05/01/2026,05/01/2026,,A,A,E-Procurement,27/01/2026,D0008321268,480,PCS,9.29,4459.2,BT,7,312.14,4771.34,,,,,INV260172,,,WAITING RECEIVE,P/O BALANCE,
T2,71,DM,71DM,T271DM,SPINDLE MOTOR,ASSY,2107646,TOLI PACKAGING (THAILAND) CO. LTD.,YD48334,11B6-889-00002,TRAY,BOTTOM D725925300REV.A(NMB REV.A),V11 1D,4604AG,12,,,LC,12/12/2025,05/01/2026,05/01/2026,,A,A,E-Procurement,27/01/2026,D0008320162,2700,PCS,9.29,25083,BT,7,1755.81,26838.81,,,,,INV260168,,,WAITING RECEIVE,P/O BALANCE,
T2,71,DM,71DM,T271DM,SPINDLE MOTOR,ASSY,2107646,TOLI PACKAGING (THAILAND) CO. LTD.,YD48334,11B6-889-00002,TRAY,BOTTOM D725925300REV.A(NMB REV.A),V11 1D,4604AG,12,,,LC,12/12/2025,05/01/2026,05/01/2026,,A,A,E-Procurement,27/01/2026,D0008321268,480,PCS,9.29,4459.2,BT,7,312.14,4771.34,,,,,INV260172,,,WAITING RECEIVE,P/O BALANCE,
T2,71,DM,71DM,T271DM,SPINDLE MOTOR,ASSY,2107646,TOLI PACKAGING (THAILAND) CO. LTD.,YD48335,11B9-889-00019,PACKING TRAYS,TOP D743036800REVA(NMB REV.A),CIMARRON 5D,4604AG,12,,,LC,12/12/2025,05/01/2026,05/01/2026,,A,A,E-Procurement,27/01/2026,D0008320162,1800,PCS,9.29,16722,BT,7,1170.54,17892.54,,,,,INV260168,,,WAITING RECEIVE,P/O BALANCE,
T2,71,DM,71DM,T271DM,SPINDLE MOTOR,ASSY,2107646,TOLI PACKAGING (THAILAND) CO. LTD.,YD48335,11B9-889-00019,PACKING TRAYS,TOP D743036800REVA(NMB REV.A),CIMARRON 5D,4604AG,12,,,LC,12/12/2025,05/01/2026,05/01/2026,,A,A,E-Procurement,27/01/2026,D0008321268,300,PCS,9.29,2787,BT,7,195.09,2982.09,,,,,INV260172,,,WAITING RECEIVE,P/O BALANCE,
T2,71,DM,71DM,T271DM,SPINDLE MOTOR,ASSY,2107646,TOLI PACKAGING (THAILAND) CO. LTD.,YD48336,11B9-889-00018,PACKING TRAYS,BOTTOM D743037100REV.A(NMB REV.A),CIMARRON 5D,4604AG,12,,,LC,12/12/2025,05/01/2026,05/01/2026,,A,A,E-Procurement,27/01/2026,D0008320162,1800,PCS,9.29,16722,BT,7,1170.54,17892.54,,,,,INV260168,,,WAITING RECEIVE,P/O BALANCE,
T2,71,DM,71DM,T271DM,SPINDLE MOTOR,ASSY,2107646,TOLI PACKAGING (THAILAND) CO. LTD.,YD48336,11B9-889-00018,PACKING TRAYS,BOTTOM D743037100REV.A(NMB REV.A),CIMARRON 5D,4604AG,12,,,LC,12/12/2025,05/01/2026,05/01/2026,,A,A,E-Procurement,27/01/2026,D0008321268,300,PCS,9.29,2787,BT,7,195.09,2982.09,,,,,INV260172,,,WAITING RECEIVE,P/O BALANCE,
T2,71,DM,71DM,T271DM,SPINDLE MOTOR,ASSY,22222GZ,NMB-MINEBEA THAI LIMITED,YDC9602,1116-300-00006A,HUB ASSY,HUB NO MARK (NMB REV.M),V11 1D,4520A1,12,DM08,,LC,17/12/2025,05/01/2026,05/01/2026,,A,A,D/O Inter-Div,27/01/2026,J886363R,3800,PCS,14.6,55480,BT,0,0,55480,,,,,,,,WAITING RECEIVE,P/O BALANCE,
T2,71,DM,71DM,T271DM,SPINDLE MOTOR,ASSY,2223217,NMB-MINEBEA THAI LIMITED,YD48305,1113-510-00011,END CAP,(NMB REV.A),CIMARRON 5D,4520A9,12,,,36,12/12/2025,05/01/2026,05/01/2026,,A,A,D/O Inter-Div,27/01/2026,G2612577,9600,PCS,0.3013,2892.48,BT,0,0,2892.48,,,,,,,,WAITING RECEIVE,P/O BALANCE,
T2,71,DM,71DM,T271DM,SPINDLE MOTOR,ASSY,2223217,NMB-MINEBEA THAI LIMITED,YD48305,1113-510-00011,END CAP,(NMB REV.A),CIMARRON 5D,4520A9,12,,,36,12/12/2025,05/01/2026,05/01/2026,,A,A,D/O Inter-Div,27/01/2026,G2612578,14400,PCS,0.3013,4338.72,BT,0,0,4338.72,,,,,,,,WAITING RECEIVE,P/O BALANCE,
T2,71,DM,71DM,T271DM,SPINDLE MOTOR,ASSY,2223217,NMB-MINEBEA THAI LIMITED,YD48305,1113-510-00011,END CAP,(NMB REV.A),CIMARRON 5D,4520A9,12,,,36,12/12/2025,05/01/2026,05/01/2026,,A,A,D/O Inter-Div,27/01/2026,G2612579,57600,PCS,0.3013,17354.88,BT,0,0,17354.88,,,,,,,,WAITING RECEIVE,P/O BALANCE,
T2,71,DM,71DM,T271DM,SPINDLE MOTOR,ASSY,2223217,NMB-MINEBEA THAI LIMITED,YD48305,1113-510-00011,END CAP,(NMB REV.A),CIMARRON 5D,4520A9,12,,,36,12/12/2025,05/01/2026,05/01/2026,,A,A,D/O Inter-Div,27/01/2026,G2612580,57600,PCS,0.3013,17354.88,BT,0,0,17354.88,,,,,,,,WAITING RECEIVE,P/O BALANCE,
T2,71,DM,71DM,T271DM,SPINDLE MOTOR,ASSY,2223217,NMB-MINEBEA THAI LIMITED,YD48305,1113-510-00011,END CAP,(NMB REV.A),CIMARRON 5D,4520A9,12,,,36,12/12/2025,05/01/2026,05/01/2026,,A,A,D/O Inter-Div,27/01/2026,G2612581,48000,PCS,0.3013,14462.4,BT,0,0,14462.4,,,,,,,,WAITING RECEIVE,P/O BALANCE,
T2,71,DM,71DM,T271DM,SPINDLE MOTOR,ASSY,2223217,NMB-MINEBEA THAI LIMITED,YD48305,1113-510-00011,END CAP,(NMB REV.A),CIMARRON 5D,4520A9,12,,,36,12/12/2025,05/01/2026,05/01/2026,,A,A,D/O Inter-Div,27/01/2026,G2612582,62400,PCS,0.3013,18801.12,BT,0,0,18801.12,,,,,,,,WAITING RECEIVE,P/O BALANCE,
T2,71,DM,71DM,T271DM,SPINDLE MOTOR,ASSY,2223217,NMB-MINEBEA THAI LIMITED,YD48442,1113-191-00028,STACK COATED,(NMB REV.C),SKYBOLT 3D,4520A2,12,,,LC,24/12/2025,05/01/2026,05/01/2026,,A,A,D/O Inter-Div,27/01/2026,J888206,1920,PCS,5.3939,10356.29,BT,0,0,10356.29,,,,,,,,WAITING RECEIVE,P/O BALANCE,
T2,71,DM,71DM,T271DM,SPINDLE MOTOR,ASSY,2223217,NMB-MINEBEA THAI LIMITED,YD48442,1113-191-00028,STACK COATED,(NMB REV.C),SKYBOLT 3D,4520A2,12,,,LC,24/12/2025,05/01/2026,05/01/2026,,A,A,D/O Inter-Div,27/01/2026,J888207,1920,PCS,5.3939,10356.29,BT,0,0,10356.29,,,,,,,,WAITING RECEIVE,P/O BALANCE,
T2,71,DM,71DM,T271DM,SPINDLE MOTOR,ASSY,2223217,NMB-MINEBEA THAI LIMITED,YD48442,1113-191-00028,STACK COATED,(NMB REV.C),SKYBOLT 3D,4520A2,12,,,LC,24/12/2025,05/01/2026,05/01/2026,,A,A,D/O Inter-Div,27/01/2026,J888208,1920,PCS,5.3939,10356.29,BT,0,0,10356.29,,,,,,,,WAITING RECEIVE,P/O BALANCE,
T2,71,DM,71DM,T271DM,SPINDLE MOTOR,ASSY,2223217,NMB-MINEBEA THAI LIMITED,YD48442,1113-191-00028,STACK COATED,(NMB REV.C),SKYBOLT 3D,4520A2,12,,,LC,24/12/2025,05/01/2026,05/01/2026,,A,A,D/O Inter-Div,27/01/2026,J888209,1920,PCS,5.3939,10356.29,BT,0,0,10356.29,,,,,,,,WAITING RECEIVE,P/O BALANCE,
T2,71,DM,71DM,T271DM,SPINDLE MOTOR,ASSY,2223217,NMB-MINEBEA THAI LIMITED,YD48442,1113-191-00028,STACK COATED,(NMB REV.C),SKYBOLT 3D,4520A2,12,,,LC,24/12/2025,05/01/2026,05/01/2026,,A,A,D/O Inter-Div,27/01/2026,J888210,1920,PCS,5.3939,10356.29,BT,0,0,10356.29,,,,,,,,WAITING RECEIVE,P/O BALANCE,
T2,71,DM,71DM,T271DM,SPINDLE MOTOR,ASSY,2223217,NMB-MINEBEA THAI LIMITED,YD48444,1117-191-00018,STACK COATED,(NMB REV.A),ROSEWOOD 1D LC,4520A2,12,,,LC,24/12/2025,05/01/2026,05/01/2026,,A,A,D/O Inter-Div,27/01/2026,J888685,1920,PCS,4.127,7923.84,BT,0,0,7923.84,,,,,,,,WAITING RECEIVE,P/O BALANCE,
T2,71,DM,71DM,T271DM,SPINDLE MOTOR,ASSY,2223217,NMB-MINEBEA THAI LIMITED,YD48444,1117-191-00018,STACK COATED,(NMB REV.A),ROSEWOOD 1D LC,4520A2,12,,,LC,24/12/2025,05/01/2026,05/01/2026,,A,A,D/O Inter-Div,27/01/2026,J888686,1920,PCS,4.127,7923.84,BT,0,0,7923.84,,,,,,,,WAITING RECEIVE,P/O BALANCE,
T2,71,DM,71DM,T271DM,SPINDLE MOTOR,ASSY,2223217,NMB-MINEBEA THAI LIMITED,YD48444,1117-191-00018,STACK COATED,(NMB REV.A),ROSEWOOD 1D LC,4520A2,12,,,LC,24/12/2025,05/01/2026,05/01/2026,,A,A,D/O Inter-Div,27/01/2026,J888687,1920,PCS,4.127,7923.84,BT,0,0,7923.84,,,,,,,,WAITING RECEIVE,P/O BALANCE,
T2,71,DM,71DM,T271DM,SPINDLE MOTOR,ASSY,2223217,NMB-MINEBEA THAI LIMITED,YD48444,1117-191-00018,STACK COATED,(NMB REV.A),ROSEWOOD 1D LC,4520A2,12,,,LC,24/12/2025,05/01/2026,05/01/2026,,A,A,D/O Inter-Div,27/01/2026,J888688,1920,PCS,4.127,7923.84,BT,0,0,7923.84,,,,,,,,WAITING RECEIVE,P/O BALANCE,
T2,71,DM,71DM,T271DM,SPINDLE MOTOR,ASSY,2223217,NMB-MINEBEA THAI LIMITED,YD48444,1117-191-00018,STACK COATED,(NMB REV.A),ROSEWOOD 1D LC,4520A2,12,,,LC,24/12/2025,05/01/2026,05/01/2026,,A,A,D/O Inter-Div,27/01/2026,J888689,1920,PCS,4.127,7923.84,BT,0,0,7923.84,,,,,,,,WAITING RECEIVE,P/O BALANCE,
T2,71,DM,71DM,T271DM,SPINDLE MOTOR,ASSY,2223217,NMB-MINEBEA THAI LIMITED,YD48445,1117-191-00006,STACK COATED,(NMB REV.A),ROSEWOOD 2D,4520A2,12,,,LC,24/12/2025,05/01/2026,05/01/2026,,A,A,D/O Inter-Div,27/01/2026,J888690,1920,PCS,4.3292,8312.06,BT,0,0,8312.06,,,,,,,,WAITING RECEIVE,P/O BALANCE,
T2,71,DM,71DM,T271DM,SPINDLE MOTOR,ASSY,2223217,NMB-MINEBEA THAI LIMITED,YD48445,1117-191-00006,STACK COATED,(NMB REV.A),ROSEWOOD 2D,4520A2,12,,,LC,24/12/2025,05/01/2026,05/01/2026,,A,A,D/O Inter-Div,27/01/2026,J888691,1920,PCS,4.3292,8312.06,BT,0,0,8312.06,,,,,,,,WAITING RECEIVE,P/O BALANCE,
T2,71,DM,71DM,T271DM,SPINDLE MOTOR,ASSY,2223217,NMB-MINEBEA THAI LIMITED,YD48445,1117-191-00006,STACK COATED,(NMB REV.A),ROSEWOOD 2D,4520A2,12,,,LC,24/12/2025,05/01/2026,05/01/2026,,A,A,D/O Inter-Div,27/01/2026,J888692,1920,PCS,4.3292,8312.06,BT,0,0,8312.06,,,,,,,,WAITING RECEIVE,P/O BALANCE,
T2,71,DM,71DM,T271DM,SPINDLE MOTOR,ASSY,2223217,NMB-MINEBEA THAI LIMITED,YD48445,1117-191-00006,STACK COATED,(NMB REV.A),ROSEWOOD 2D,4520A2,12,,,LC,24/12/2025,05/01/2026,05/01/2026,,A,A,D/O Inter-Div,27/01/2026,J888693,1920,PCS,4.3292,8312.06,BT,0,0,8312.06,,,,,,,,WAITING RECEIVE,P/O BALANCE,
T2,71,DM,71DM,T271DM,SPINDLE MOTOR,ASSY,2223217,NMB-MINEBEA THAI LIMITED,YD48446,1115-191-00003,STACK COATED,(NMB REV.A),V11 1D,4520A2,12,,,LC,24/12/2025,05/01/2026,05/01/2026,,A,A,D/O Inter-Div,27/01/2026,J888667,1900,PCS,3.4842,6619.98,BT,0,0,6619.98,,,,,,,,WAITING RECEIVE,P/O BALANCE,
T2,71,DM,71DM,T271DM,SPINDLE MOTOR,ASSY,2223217,NMB-MINEBEA THAI LIMITED,YD48446,1115-191-00003,STACK COATED,(NMB REV.A),V11 1D,4520A2,12,,,LC,24/12/2025,05/01/2026,05/01/2026,,A,A,D/O Inter-Div,27/01/2026,J888668,1900,PCS,3.4842,6619.98,BT,0,0,6619.98,,,,,,,,WAITING RECEIVE,P/O BALANCE,
T2,71,DM,71DM,T271DM,SPINDLE MOTOR,ASSY,2223217,NMB-MINEBEA THAI LIMITED,YD48446,1115-191-00003,STACK COATED,(NMB REV.A),V11 1D,4520A2,12,,,LC,24/12/2025,05/01/2026,05/01/2026,,A,A,D/O Inter-Div,27/01/2026,J888669,1900,PCS,3.4842,6619.98,BT,0,0,6619.98,,,,,,,,WAITING RECEIVE,P/O BALANCE,
T2,71,DM,71DM,T271DM,SPINDLE MOTOR,ASSY,2223217,NMB-MINEBEA THAI LIMITED,YD48446,1115-191-00003,STACK COATED,(NMB REV.A),V11 1D,4520A2,12,,,LC,24/12/2025,05/01/2026,05/01/2026,,A,A,D/O Inter-Div,27/01/2026,J888670,1900,PCS,3.4842,6619.98,BT,0,0,6619.98,,,,,,,,WAITING RECEIVE,P/O BALANCE,
T2,71,DM,71DM,T271DM,SPINDLE MOTOR,ASSY,2223217,NMB-MINEBEA THAI LIMITED,YD48446,1115-191-00003,STACK COATED,(NMB REV.A),V11 1D,4520A2,12,,,LC,24/12/2025,05/01/2026,05/01/2026,,A,A,D/O Inter-Div,27/01/2026,J888671,1900,PCS,3.4842,6619.98,BT,0,0,6619.98,,,,,,,,WAITING RECEIVE,P/O BALANCE,
T2,71,DM,71DM,T271DM,SPINDLE MOTOR,ASSY,2223217,NMB-MINEBEA THAI LIMITED,YD48446,1115-191-00003,STACK COATED,(NMB REV.A),V11 1D,4520A2,12,,,LC,24/12/2025,05/01/2026,05/01/2026,,A,A,D/O Inter-Div,27/01/2026,J888672,1900,PCS,3.4842,6619.98,BT,0,0,6619.98,,,,,,,,WAITING RECEIVE,P/O BALANCE,
T2,71,DM,71DM,T271DM,SPINDLE MOTOR,ASSY,2223217,NMB-MINEBEA THAI LIMITED,YD48446,1115-191-00003,STACK COATED,(NMB REV.A),V11 1D,4520A2,12,,,LC,24/12/2025,05/01/2026,05/01/2026,,A,A,D/O Inter-Div,27/01/2026,J888673,1900,PCS,3.4842,6619.98,BT,0,0,6619.98,,,,,,,,WAITING RECEIVE,P/O BALANCE,
T2,71,DM,71DM,T271DM,SPINDLE MOTOR,ASSY,2223217,NMB-MINEBEA THAI LIMITED,YD48446,1115-191-00003,STACK COATED,(NMB REV.A),V11 1D,4520A2,12,,,LC,24/12/2025,05/01/2026,05/01/2026,,A,A,D/O Inter-Div,27/01/2026,J888674,1900,PCS,3.4842,6619.98,BT,0,0,6619.98,,,,,,,,WAITING RECEIVE,P/O BALANCE,
T2,71,DM,71DM,T271DM,SPINDLE MOTOR,ASSY,2223217,NMB-MINEBEA THAI LIMITED,YD48446,1115-191-00003,STACK COATED,(NMB REV.A),V11 1D,4520A2,12,,,LC,24/12/2025,05/01/2026,05/01/2026,,A,A,D/O Inter-Div,27/01/2026,J888675,1900,PCS,3.4842,6619.98,BT,0,0,6619.98,,,,,,,,WAITING RECEIVE,P/O BALANCE,
T2,71,DM,71DM,T271DM,SPINDLE MOTOR,ASSY,2223217,NMB-MINEBEA THAI LIMITED,YD48446,1115-191-00003,STACK COATED,(NMB REV.A),V11 1D,4520A2,12,,,LC,24/12/2025,05/01/2026,05/01/2026,,A,A,D/O Inter-Div,27/01/2026,J888676,1900,PCS,3.4842,6619.98,BT,0,0,6619.98,,,,,,,,WAITING RECEIVE,P/O BALANCE,
T2,71,DM,71DM,T271DM,SPINDLE MOTOR,ASSY,2223217,NMB-MINEBEA THAI LIMITED,YD48446,1115-191-00003,STACK COATED,(NMB REV.A),V11 1D,4520A2,12,,,LC,24/12/2025,05/01/2026,05/01/2026,,A,A,D/O Inter-Div,27/01/2026,J888677,1900,PCS,3.4842,6619.98,BT,0,0,6619.98,,,,,,,,WAITING RECEIVE,P/O BALANCE,
T2,71,DM,71DM,T271DM,SPINDLE MOTOR,ASSY,2223217,NMB-MINEBEA THAI LIMITED,YD48446,1115-191-00003,STACK COATED,(NMB REV.A),V11 1D,4520A2,12,,,LC,24/12/2025,05/01/2026,05/01/2026,,A,A,D/O Inter-Div,27/01/2026,J888678,1900,PCS,3.4842,6619.98,BT,0,0,6619.98,,,,,,,,WAITING RECEIVE,P/O BALANCE,
T2,71,DM,71DM,T271DM,SPINDLE MOTOR,ASSY,2223217,NMB-MINEBEA THAI LIMITED,YD48446,1115-191-00003,STACK COATED,(NMB REV.A),V11 1D,4520A2,12,,,LC,24/12/2025,05/01/2026,05/01/2026,,A,A,D/O Inter-Div,27/01/2026,J888679,1900,PCS,3.4842,6619.98,BT,0,0,6619.98,,,,,,,,WAITING RECEIVE,P/O BALANCE,
T2,71,DM,71DM,T271DM,SPINDLE MOTOR,ASSY,2223217,NMB-MINEBEA THAI LIMITED,YD48446,1115-191-00003,STACK COATED,(NMB REV.A),V11 1D,4520A2,12,,,LC,24/12/2025,05/01/2026,05/01/2026,,A,A,D/O Inter-Div,27/01/2026,J888680,1900,PCS,3.4842,6619.98,BT,0,0,6619.98,,,,,,,,WAITING RECEIVE,P/O BALANCE,
T2,71,DM,71DM,T271DM,SPINDLE MOTOR,ASSY,2223217,NMB-MINEBEA THAI LIMITED,YD48446,1115-191-00003,STACK COATED,(NMB REV.A),V11 1D,4520A2,12,,,LC,24/12/2025,05/01/2026,05/01/2026,,A,A,D/O Inter-Div,27/01/2026,J888681,1900,PCS,3.4842,6619.98,BT,0,0,6619.98,,,,,,,,WAITING RECEIVE,P/O BALANCE,
T2,71,DM,71DM,T271DM,SPINDLE MOTOR,ASSY,2223217,NMB-MINEBEA THAI LIMITED,YD48446,1115-191-00003,STACK COATED,(NMB REV.A),V11 1D,4520A2,12,,,LC,24/12/2025,05/01/2026,05/01/2026,,A,A,D/O Inter-Div,27/01/2026,J888682,1900,PCS,3.4842,6619.98,BT,0,0,6619.98,,,,,,,,WAITING RECEIVE,P/O BALANCE,
T2,71,DM,71DM,T271DM,SPINDLE MOTOR,ASSY,2223217,NMB-MINEBEA THAI LIMITED,YD48446,1115-191-00003,STACK COATED,(NMB REV.A),V11 1D,4520A2,12,,,LC,24/12/2025,05/01/2026,05/01/2026,,A,A,D/O Inter-Div,27/01/2026,J888683,1900,PCS,3.4842,6619.98,BT,0,0,6619.98,,,,,,,,WAITING RECEIVE,P/O BALANCE,
T2,71,DM,71DM,T271DM,SPINDLE MOTOR,ASSY,2223217,NMB-MINEBEA THAI LIMITED,YD48446,1115-191-00003,STACK COATED,(NMB REV.A),V11 1D,4520A2,12,,,LC,24/12/2025,05/01/2026,05/01/2026,,A,A,D/O Inter-Div,27/01/2026,J888684,1900,PCS,3.4842,6619.98,BT,0,0,6619.98,,,,,,,,WAITING RECEIVE,P/O BALANCE,
T2,71,DM,71DM,T271DM,SPINDLE MOTOR,ASSY,2223217,NMB-MINEBEA THAI LIMITED,YD48449,1115-191-00014,STACK COATED,(NMB REV.B),DORADO 10D,4520A2,11,,,LC,24/12/2025,05/01/2026,05/01/2026,,A,A,D/O Inter-Div,27/01/2026,J888700,1200,PCS,6.4938,7792.56,BT,0,0,7792.56,,,,,,,,WAITING RECEIVE,P/O BALANCE,
T2,71,DM,71DM,T271DM,SPINDLE MOTOR,ASSY,2223217,NMB-MINEBEA THAI LIMITED,YD48449,1115-191-00014,STACK COATED,(NMB REV.B),DORADO 10D,4520A2,11,,,LC,24/12/2025,05/01/2026,05/01/2026,,A,A,D/O Inter-Div,27/01/2026,J888701,1200,PCS,6.4938,7792.56,BT,0,0,7792.56,,,,,,,,WAITING RECEIVE,P/O BALANCE,
T2,71,DM,71DM,T271DM,SPINDLE MOTOR,ASSY,2223217,NMB-MINEBEA THAI LIMITED,YD48449,1115-191-00014,STACK COATED,(NMB REV.B),DORADO 10D,4520A2,11,,,LC,24/12/2025,05/01/2026,05/01/2026,,A,A,D/O Inter-Div,27/01/2026,J888702,1200,PCS,6.4938,7792.56,BT,0,0,7792.56,,,,,,,,WAITING RECEIVE,P/O BALANCE,
T2,71,DM,71DM,T271DM,SPINDLE MOTOR,ASSY,2223217,NMB-MINEBEA THAI LIMITED,YD48449,1115-191-00014,STACK COATED,(NMB REV.B),DORADO 10D,4520A2,11,,,LC,24/12/2025,05/01/2026,05/01/2026,,A,A,D/O Inter-Div,27/01/2026,J888703,1200,PCS,6.4938,7792.56,BT,0,0,7792.56,,,,,,,,WAITING RECEIVE,P/O BALANCE,
T2,71,DM,71DM,T271DM,SPINDLE MOTOR,ASSY,2223217,NMB-MINEBEA THAI LIMITED,YD48449,1115-191-00014,STACK COATED,(NMB REV.B),DORADO 10D,4520A2,11,,,LC,24/12/2025,05/01/2026,05/01/2026,,A,A,D/O Inter-Div,27/01/2026,J888704,1200,PCS,6.4938,7792.56,BT,0,0,7792.56,,,,,,,,WAITING RECEIVE,P/O BALANCE,
T2,71,DM,71DM,T271DM,SPINDLE MOTOR,ASSY,2223217,NMB-MINEBEA THAI LIMITED,YD48449,1115-191-00014,STACK COATED,(NMB REV.B),DORADO 10D,4520A2,11,,,LC,24/12/2025,05/01/2026,05/01/2026,,A,A,D/O Inter-Div,27/01/2026,J888705,1200,PCS,6.4938,7792.56,BT,0,0,7792.56,,,,,,,,WAITING RECEIVE,P/O BALANCE,
T2,71,DM,71DM,T271DM,SPINDLE MOTOR,ASSY,2223217,NMB-MINEBEA THAI LIMITED,YD48449,1115-191-00014,STACK COATED,(NMB REV.B),DORADO 10D,4520A2,11,,,LC,24/12/2025,05/01/2026,05/01/2026,,A,A,D/O Inter-Div,27/01/2026,J888706,1200,PCS,6.4938,7792.56,BT,0,0,7792.56,,,,,,,,WAITING RECEIVE,P/O BALANCE,
T2,71,DM,71DM,T271DM,SPINDLE MOTOR,ASSY,2223217,NMB-MINEBEA THAI LIMITED,YD48449,1115-191-00014,STACK COATED,(NMB REV.B),DORADO 10D,4520A2,11,,,LC,24/12/2025,05/01/2026,05/01/2026,,A,A,D/O Inter-Div,27/01/2026,J888707,1200,PCS,6.4938,7792.56,BT,0,0,7792.56,,,,,,,,WAITING RECEIVE,P/O BALANCE,
T2,71,DM,71DM,T271DM,SPINDLE MOTOR,ASSY,2223217,NMB-MINEBEA THAI LIMITED,YD48449,1115-191-00014,STACK COATED,(NMB REV.B),DORADO 10D,4520A2,11,,,LC,24/12/2025,05/01/2026,05/01/2026,,A,A,D/O Inter-Div,27/01/2026,J888708,1200,PCS,6.4938,7792.56,BT,0,0,7792.56,,,,,,,,WAITING RECEIVE,P/O BALANCE,
T2,71,DM,71DM,T271DM,SPINDLE MOTOR,ASSY,2223217,NMB-MINEBEA THAI LIMITED,YD48449,1115-191-00014,STACK COATED,(NMB REV.B),DORADO 10D,4520A2,11,,,LC,24/12/2025,05/01/2026,05/01/2026,,A,A,D/O Inter-Div,27/01/2026,J888709,1200,PCS,6.4938,7792.56,BT,0,0,7792.56,,,,,,,,WAITING RECEIVE,P/O BALANCE,
T2,71,DM,71DM,T271DM,SPINDLE MOTOR,ASSY,2223217,NMB-MINEBEA THAI LIMITED,YD48449,1115-191-00014,STACK COATED,(NMB REV.B),DORADO 10D,4520A2,11,,,LC,24/12/2025,05/01/2026,05/01/2026,,A,A,D/O Inter-Div,27/01/2026,J888710,1200,PCS,6.4938,7792.56,BT,0,0,7792.56,,,,,,,,WAITING RECEIVE,P/O BALANCE,
T2,71,DM,71DM,T271DM,SPINDLE MOTOR,ASSY,2223217,NMB-MINEBEA THAI LIMITED,YD48449,1115-191-00014,STACK COATED,(NMB REV.B),DORADO 10D,4520A2,11,,,LC,24/12/2025,05/01/2026,05/01/2026,,A,A,D/O Inter-Div,27/01/2026,J888711,1200,PCS,6.4938,7792.56,BT,0,0,7792.56,,,,,,,,WAITING RECEIVE,P/O BALANCE,
T2,71,DM,71DM,T271DM,SPINDLE MOTOR,ASSY,2223217,NMB-MINEBEA THAI LIMITED,YD48449,1115-191-00014,STACK COATED,(NMB REV.B),DORADO 10D,4520A2,11,,,LC,24/12/2025,05/01/2026,05/01/2026,,A,A,D/O Inter-Div,27/01/2026,J888712,1200,PCS,6.4938,7792.56,BT,0,0,7792.56,,,,,,,,WAITING RECEIVE,P/O BALANCE,
T2,71,DM,71DM,T271DM,SPINDLE MOTOR,ASSY,2223217,NMB-MINEBEA THAI LIMITED,YD48449,1115-191-00014,STACK COATED,(NMB REV.B),DORADO 10D,4520A2,11,,,LC,24/12/2025,05/01/2026,05/01/2026,,A,A,D/O Inter-Div,27/01/2026,J888713,1200,PCS,6.4938,7792.56,BT,0,0,7792.56,,,,,,,,WAITING RECEIVE,P/O BALANCE,
T2,71,DM,71DM,T271DM,SPINDLE MOTOR,ASSY,2223217,NMB-MINEBEA THAI LIMITED,YD48449,1115-191-00014,STACK COATED,(NMB REV.B),DORADO 10D,4520A2,11,,,LC,24/12/2025,05/01/2026,05/01/2026,,A,A,D/O Inter-Div,27/01/2026,J888714,1200,PCS,6.4938,7792.56,BT,0,0,7792.56,,,,,,,,WAITING RECEIVE,P/O BALANCE,
T2,71,DM,71DM,T271DM,SPINDLE MOTOR,ASSY,2223217,NMB-MINEBEA THAI LIMITED,YD48449,1115-191-00014,STACK COATED,(NMB REV.B),DORADO 10D,4520A2,11,,,LC,24/12/2025,05/01/2026,05/01/2026,,A,A,D/O Inter-Div,27/01/2026,J888715,1200,PCS,6.4938,7792.56,BT,0,0,7792.56,,,,,,,,WAITING RECEIVE,P/O BALANCE,
T2,71,DM,71DM,T271DM,SPINDLE MOTOR,ASSY,2223217,NMB-MINEBEA THAI LIMITED,YD48449,1115-191-00014,STACK COATED,(NMB REV.B),DORADO 10D,4520A2,11,,,LC,24/12/2025,05/01/2026,05/01/2026,,A,A,D/O Inter-Div,27/01/2026,J888716,1200,PCS,6.4938,7792.56,BT,0,0,7792.56,,,,,,,,WAITING RECEIVE,P/O BALANCE,
T2,71,DM,71DM,T271DM,SPINDLE MOTOR,ASSY,2223217,NMB-MINEBEA THAI LIMITED,YD48449,1115-191-00014,STACK COATED,(NMB REV.B),DORADO 10D,4520A2,11,,,LC,24/12/2025,05/01/2026,05/01/2026,,A,A,D/O Inter-Div,27/01/2026,J888717,1200,PCS,6.4938,7792.56,BT,0,0,7792.56,,,,,,,,WAITING RECEIVE,P/O BALANCE,
T2,71,DM,71DM,T271DM,SPINDLE MOTOR,ASSY,2223217,NMB-MINEBEA THAI LIMITED,YD48449,1115-191-00014,STACK COATED,(NMB REV.B),DORADO 10D,4520A2,11,,,LC,24/12/2025,05/01/2026,05/01/2026,,A,A,D/O Inter-Div,27/01/2026,J888718,1200,PCS,6.4938,7792.56,BT,0,0,7792.56,,,,,,,,WAITING RECEIVE,P/O BALANCE,
T2,71,DM,71DM,T271DM,SPINDLE MOTOR,ASSY,2223217,NMB-MINEBEA THAI LIMITED,YD48449,1115-191-00014,STACK COATED,(NMB REV.B),DORADO 10D,4520A2,11,,,LC,24/12/2025,05/01/2026,05/01/2026,,A,A,D/O Inter-Div,27/01/2026,J888719,1200,PCS,6.4938,7792.56,BT,0,0,7792.56,,,,,,,,WAITING RECEIVE,P/O BALANCE,
T2,71,DM,71DM,T271DM,SPINDLE MOTOR,ASSY,2223217,NMB-MINEBEA THAI LIMITED,YD48449,1115-191-00014,STACK COATED,(NMB REV.B),DORADO 10D,4520A2,11,,,LC,24/12/2025,05/01/2026,05/01/2026,,A,A,D/O Inter-Div,27/01/2026,J888720,1200,PCS,6.4938,7792.56,BT,0,0,7792.56,,,,,,,,WAITING RECEIVE,P/O BALANCE,
T2,71,DM,71DM,T271DM,SPINDLE MOTOR,ASSY,2223217,NMB-MINEBEA THAI LIMITED,YD48449,1115-191-00014,STACK COATED,(NMB REV.B),DORADO 10D,4520A2,11,,,LC,24/12/2025,05/01/2026,05/01/2026,,A,A,D/O Inter-Div,27/01/2026,J888721,1200,PCS,6.4938,7792.56,BT,0,0,7792.56,,,,,,,,WAITING RECEIVE,P/O BALANCE,
T2,71,DM,71DM,T271DM,SPINDLE MOTOR,ASSY,2223217,NMB-MINEBEA THAI LIMITED,YD48449,1115-191-00014,STACK COATED,(NMB REV.B),DORADO 10D,4520A2,11,,,LC,24/12/2025,05/01/2026,05/01/2026,,A,A,D/O Inter-Div,27/01/2026,J888722,1200,PCS,6.4938,7792.56,BT,0,0,7792.56,,,,,,,,WAITING RECEIVE,P/O BALANCE,
T2,71,DM,71DM,T271DM,SPINDLE MOTOR,ASSY,2223217,NMB-MINEBEA THAI LIMITED,YD48449,1115-191-00014,STACK COATED,(NMB REV.B),DORADO 10D,4520A2,11,,,LC,24/12/2025,05/01/2026,05/01/2026,,A,A,D/O Inter-Div,27/01/2026,J888723,1200,PCS,6.4938,7792.56,BT,0,0,7792.56,,,,,,,,WAITING RECEIVE,P/O BALANCE,
T2,71,DM,71DM,T271DM,SPINDLE MOTOR,ASSY,2223217,NMB-MINEBEA THAI LIMITED,YD48449,1115-191-00014,STACK COATED,(NMB REV.B),DORADO 10D,4520A2,11,,,LC,24/12/2025,05/01/2026,05/01/2026,,A,A,D/O Inter-Div,27/01/2026,J888724,1200,PCS,6.4938,7792.56,BT,0,0,7792.56,,,,,,,,WAITING RECEIVE,P/O BALANCE,
T2,71,DM,71DM,T271DM,SPINDLE MOTOR,ASSY,2223217,NMB-MINEBEA THAI LIMITED,YD48449,1115-191-00014,STACK COATED,(NMB REV.B),DORADO 10D,4520A2,11,,,LC,24/12/2025,05/01/2026,05/01/2026,,A,A,D/O Inter-Div,27/01/2026,J888725,1200,PCS,6.4938,7792.56,BT,0,0,7792.56,,,,,,,,WAITING RECEIVE,P/O BALANCE,
T2,71,DM,71DM,T271DM,SPINDLE MOTOR,ASSY,2223217,NMB-MINEBEA THAI LIMITED,YD48449,1115-191-00014,STACK COATED,(NMB REV.B),DORADO 10D,4520A2,11,,,LC,24/12/2025,05/01/2026,05/01/2026,,A,A,D/O Inter-Div,27/01/2026,J888726,1200,PCS,6.4938,7792.56,BT,0,0,7792.56,,,,,,,,WAITING RECEIVE,P/O BALANCE,
T2,71,DM,71DM,T271DM,SPINDLE MOTOR,ASSY,2223217,NMB-MINEBEA THAI LIMITED,YD48449,1115-191-00014,STACK COATED,(NMB REV.B),DORADO 10D,4520A2,11,,,LC,24/12/2025,05/01/2026,05/01/2026,,A,A,D/O Inter-Div,27/01/2026,J888727,1200,PCS,6.4938,7792.56,BT,0,0,7792.56,,,,,,,,WAITING RECEIVE,P/O BALANCE,
T2,71,DM,71DM,T271DM,SPINDLE MOTOR,ASSY,2223217,NMB-MINEBEA THAI LIMITED,YD48449,1115-191-00014,STACK COATED,(NMB REV.B),DORADO 10D,4520A2,11,,,LC,24/12/2025,05/01/2026,05/01/2026,,A,A,D/O Inter-Div,27/01/2026,J888728,1200,PCS,6.4938,7792.56,BT,0,0,7792.56,,,,,,,,WAITING RECEIVE,P/O BALANCE,
T2,71,DM,71DM,T271DM,SPINDLE MOTOR,ASSY,2223217,NMB-MINEBEA THAI LIMITED,YD48449,1115-191-00014,STACK COATED,(NMB REV.B),DORADO 10D,4520A2,11,,,LC,24/12/2025,05/01/2026,05/01/2026,,A,A,D/O Inter-Div,27/01/2026,J888729,1200,PCS,6.4938,7792.56,BT,0,0,7792.56,,,,,,,,WAITING RECEIVE,P/O BALANCE,
T2,71,DM,71DM,T271DM,SPINDLE MOTOR,ASSY,2223217,NMB-MINEBEA THAI LIMITED,YD48449,1115-191-00014,STACK COATED,(NMB REV.B),DORADO 10D,4520A2,11,,,LC,24/12/2025,05/01/2026,05/01/2026,,A,A,D/O Inter-Div,27/01/2026,J888730,1200,PCS,6.4938,7792.56,BT,0,0,7792.56,,,,,,,,WAITING RECEIVE,P/O BALANCE,
T2,71,DM,71DM,T271DM,SPINDLE MOTOR,ASSY,2223217,NMB-MINEBEA THAI LIMITED,YD48449,1115-191-00014,STACK COATED,(NMB REV.B),DORADO 10D,4520A2,11,,,LC,24/12/2025,05/01/2026,05/01/2026,,A,A,D/O Inter-Div,27/01/2026,J888731,1200,PCS,6.4938,7792.56,BT,0,0,7792.56,,,,,,,,WAITING RECEIVE,P/O BALANCE,
T2,71,DM,71DM,T271DM,SPINDLE MOTOR,ASSY,2223217,NMB-MINEBEA THAI LIMITED,YD48449,1115-191-00014,STACK COATED,(NMB REV.B),DORADO 10D,4520A2,11,,,LC,24/12/2025,05/01/2026,05/01/2026,,A,A,D/O Inter-Div,27/01/2026,J888732,1200,PCS,6.4938,7792.56,BT,0,0,7792.56,,,,,,,,WAITING RECEIVE,P/O BALANCE,
T2,71,DM,71DM,T271DM,SPINDLE MOTOR,ASSY,2223217,NMB-MINEBEA THAI LIMITED,YD48449,1115-191-00014,STACK COATED,(NMB REV.B),DORADO 10D,4520A2,11,,,LC,24/12/2025,05/01/2026,05/01/2026,,A,A,D/O Inter-Div,27/01/2026,J888733,1200,PCS,6.4938,7792.56,BT,0,0,7792.56,,,,,,,,WAITING RECEIVE,P/O BALANCE,
T2,71,DM,71DM,T271DM,SPINDLE MOTOR,ASSY,2223217,NMB-MINEBEA THAI LIMITED,YD48449,1115-191-00014,STACK COATED,(NMB REV.B),DORADO 10D,4520A2,11,,,LC,24/12/2025,05/01/2026,05/01/2026,,A,A,D/O Inter-Div,27/01/2026,J888734,1200,PCS,6.4938,7792.56,BT,0,0,7792.56,,,,,,,,WAITING RECEIVE,P/O BALANCE,
T2,71,DM,71DM,T271DM,SPINDLE MOTOR,ASSY,2223217,NMB-MINEBEA THAI LIMITED,YD48449,1115-191-00014,STACK COATED,(NMB REV.B),DORADO 10D,4520A2,11,,,LC,24/12/2025,05/01/2026,05/01/2026,,A,A,D/O Inter-Div,27/01/2026,J888735,1200,PCS,6.4938,7792.56,BT,0,0,7792.56,,,,,,,,WAITING RECEIVE,P/O BALANCE,
T2,71,DM,71DM,T271DM,SPINDLE MOTOR,ASSY,2223217,NMB-MINEBEA THAI LIMITED,YD48449,1115-191-00014,STACK COATED,(NMB REV.B),DORADO 10D,4520A2,11,,,LC,24/12/2025,05/01/2026,05/01/2026,,A,A,D/O Inter-Div,27/01/2026,J888736,1200,PCS,6.4938,7792.56,BT,0,0,7792.56,,,,,,,,WAITING RECEIVE,P/O BALANCE,
T2,71,DM,71DM,T271DM,SPINDLE MOTOR,ASSY,2223217,NMB-MINEBEA THAI LIMITED,YD48449,1115-191-00014,STACK COATED,(NMB REV.B),DORADO 10D,4520A2,11,,,LC,24/12/2025,05/01/2026,05/01/2026,,A,A,D/O Inter-Div,27/01/2026,J888737,1200,PCS,6.4938,7792.56,BT,0,0,7792.56,,,,,,,,WAITING RECEIVE,P/O BALANCE,
T2,71,DM,71DM,T271DM,SPINDLE MOTOR,ASSY,2223217,NMB-MINEBEA THAI LIMITED,YD48449,1115-191-00014,STACK COATED,(NMB REV.B),DORADO 10D,4520A2,11,,,LC,24/12/2025,05/01/2026,05/01/2026,,A,A,D/O Inter-Div,27/01/2026,J888738,1200,PCS,6.4938,7792.56,BT,0,0,7792.56,,,,,,,,WAITING RECEIVE,P/O BALANCE,
T2,71,DM,71DM,T271DM,SPINDLE MOTOR,ASSY,2223217,NMB-MINEBEA THAI LIMITED,YD48449,1115-191-00014,STACK COATED,(NMB REV.B),DORADO 10D,4520A2,11,,,LC,24/12/2025,05/01/2026,05/01/2026,,A,A,D/O Inter-Div,27/01/2026,J888739,1200,PCS,6.4938,7792.56,BT,0,0,7792.56,,,,,,,,WAITING RECEIVE,P/O BALANCE,
T2,71,DM,71DM,T271DM,SPINDLE MOTOR,ASSY,2223217,NMB-MINEBEA THAI LIMITED,YD48449,1115-191-00014,STACK COATED,(NMB REV.B),DORADO 10D,4520A2,11,,,LC,24/12/2025,05/01/2026,05/01/2026,,A,A,D/O Inter-Div,27/01/2026,J888740,1200,PCS,6.4938,7792.56,BT,0,0,7792.56,,,,,,,,WAITING RECEIVE,P/O BALANCE,
T2,71,DM,71DM,T271DM,SPINDLE MOTOR,ASSY,2223217,NMB-MINEBEA THAI LIMITED,YD48449,1115-191-00014,STACK COATED,(NMB REV.B),DORADO 10D,4520A2,11,,,LC,24/12/2025,05/01/2026,05/01/2026,,A,A,D/O Inter-Div,27/01/2026,J888741,1200,PCS,6.4938,7792.56,BT,0,0,7792.56,,,,,,,,WAITING RECEIVE,P/O BALANCE,
T2,71,DM,71DM,T271DM,SPINDLE MOTOR,ASSY,2223217,NMB-MINEBEA THAI LIMITED,YD48449,1115-191-00014,STACK COATED,(NMB REV.B),DORADO 10D,4520A2,11,,,LC,24/12/2025,05/01/2026,05/01/2026,,A,A,D/O Inter-Div,27/01/2026,J888742,1200,PCS,6.4938,7792.56,BT,0,0,7792.56,,,,,,,,WAITING RECEIVE,P/O BALANCE,
T2,71,DM,71DM,T271DM,SPINDLE MOTOR,ASSY,2223217,NMB-MINEBEA THAI LIMITED,YD48449,1115-191-00014,STACK COATED,(NMB REV.B),DORADO 10D,4520A2,11,,,LC,24/12/2025,05/01/2026,05/01/2026,,A,A,D/O Inter-Div,27/01/2026,J888743,1200,PCS,6.4938,7792.56,BT,0,0,7792.56,,,,,,,,WAITING RECEIVE,P/O BALANCE,
T2,71,DM,71DM,T271DM,SPINDLE MOTOR,ASSY,2223217,NMB-MINEBEA THAI LIMITED,YD48449,1115-191-00014,STACK COATED,(NMB REV.B),DORADO 10D,4520A2,11,,,LC,24/12/2025,05/01/2026,05/01/2026,,A,A,D/O Inter-Div,27/01/2026,J888744,1200,PCS,6.4938,7792.56,BT,0,0,7792.56,,,,,,,,WAITING RECEIVE,P/O BALANCE,
T2,71,DM,71DM,T271DM,SPINDLE MOTOR,ASSY,2223217,NMB-MINEBEA THAI LIMITED,YD48449,1115-191-00014,STACK COATED,(NMB REV.B),DORADO 10D,4520A2,11,,,LC,24/12/2025,05/01/2026,05/01/2026,,A,A,D/O Inter-Div,27/01/2026,J888745,1200,PCS,6.4938,7792.56,BT,0,0,7792.56,,,,,,,,WAITING RECEIVE,P/O BALANCE,
T2,71,DM,71DM,T271DM,SPINDLE MOTOR,ASSY,2223217,NMB-MINEBEA THAI LIMITED,YD48449,1115-191-00014,STACK COATED,(NMB REV.B),DORADO 10D,4520A2,11,,,LC,24/12/2025,05/01/2026,05/01/2026,,A,A,D/O Inter-Div,27/01/2026,J888746,1200,PCS,6.4938,7792.56,BT,0,0,7792.56,,,,,,,,WAITING RECEIVE,P/O BALANCE,
T2,71,DM,71DM,T271DM,SPINDLE MOTOR,ASSY,2223217,NMB-MINEBEA THAI LIMITED,YD48449,1115-191-00014,STACK COATED,(NMB REV.B),DORADO 10D,4520A2,11,,,LC,24/12/2025,05/01/2026,05/01/2026,,A,A,D/O Inter-Div,27/01/2026,J888747,1200,PCS,6.4938,7792.56,BT,0,0,7792.56,,,,,,,,WAITING RECEIVE,P/O BALANCE,
T2,71,DM,71DM,T271DM,SPINDLE MOTOR,ASSY,2223217,NMB-MINEBEA THAI LIMITED,YD48450,1115-191-00014,STACK COATED,(NMB REV.B),DORADO 10D,4520A2,11,,,LC,24/12/2025,05/01/2026,05/01/2026,,A,A,D/O Inter-Div,27/01/2026,J888647,1200,PCS,6.4938,7792.56,BT,0,0,7792.56,,,,,,,,WAITING RECEIVE,P/O BALANCE,
T2,71,DM,71DM,T271DM,SPINDLE MOTOR,ASSY,2223217,NMB-MINEBEA THAI LIMITED,YD48450,1115-191-00014,STACK COATED,(NMB REV.B),DORADO 10D,4520A2,11,,,LC,24/12/2025,05/01/2026,05/01/2026,,A,A,D/O Inter-Div,27/01/2026,J888648,1200,PCS,6.4938,7792.56,BT,0,0,7792.56,,,,,,,,WAITING RECEIVE,P/O BALANCE,
T2,71,DM,71DM,T271DM,SPINDLE MOTOR,ASSY,2223217,NMB-MINEBEA THAI LIMITED,YD48450,1115-191-00014,STACK COATED,(NMB REV.B),DORADO 10D,4520A2,11,,,LC,24/12/2025,05/01/2026,05/01/2026,,A,A,D/O Inter-Div,27/01/2026,J888649,1200,PCS,6.4938,7792.56,BT,0,0,7792.56,,,,,,,,WAITING RECEIVE,P/O BALANCE,
T2,71,DM,71DM,T271DM,SPINDLE MOTOR,ASSY,2223217,NMB-MINEBEA THAI LIMITED,YD48450,1115-191-00014,STACK COATED,(NMB REV.B),DORADO 10D,4520A2,11,,,LC,24/12/2025,05/01/2026,05/01/2026,,A,A,D/O Inter-Div,27/01/2026,J888650,1200,PCS,6.4938,7792.56,BT,0,0,7792.56,,,,,,,,WAITING RECEIVE,P/O BALANCE,
T2,71,DM,71DM,T271DM,SPINDLE MOTOR,ASSY,2223217,NMB-MINEBEA THAI LIMITED,YD48450,1115-191-00014,STACK COATED,(NMB REV.B),DORADO 10D,4520A2,11,,,LC,24/12/2025,05/01/2026,05/01/2026,,A,A,D/O Inter-Div,27/01/2026,J888651,1200,PCS,6.4938,7792.56,BT,0,0,7792.56,,,,,,,,WAITING RECEIVE,P/O BALANCE,
T2,71,DM,71DM,T271DM,SPINDLE MOTOR,ASSY,2223217,NMB-MINEBEA THAI LIMITED,YD48450,1115-191-00014,STACK COATED,(NMB REV.B),DORADO 10D,4520A2,11,,,LC,24/12/2025,05/01/2026,05/01/2026,,A,A,D/O Inter-Div,27/01/2026,J888652,1200,PCS,6.4938,7792.56,BT,0,0,7792.56,,,,,,,,WAITING RECEIVE,P/O BALANCE,
T2,71,DM,71DM,T271DM,SPINDLE MOTOR,ASSY,2223217,NMB-MINEBEA THAI LIMITED,YD48450,1115-191-00014,STACK COATED,(NMB REV.B),DORADO 10D,4520A2,11,,,LC,24/12/2025,05/01/2026,05/01/2026,,A,A,D/O Inter-Div,27/01/2026,J888653,1200,PCS,6.4938,7792.56,BT,0,0,7792.56,,,,,,,,WAITING RECEIVE,P/O BALANCE,
T2,71,DM,71DM,T271DM,SPINDLE MOTOR,ASSY,2223217,NMB-MINEBEA THAI LIMITED,YD48450,1115-191-00014,STACK COATED,(NMB REV.B),DORADO 10D,4520A2,11,,,LC,24/12/2025,05/01/2026,05/01/2026,,A,A,D/O Inter-Div,27/01/2026,J888654,1200,PCS,6.4938,7792.56,BT,0,0,7792.56,,,,,,,,WAITING RECEIVE,P/O BALANCE,
T2,71,DM,71DM,T271DM,SPINDLE MOTOR,ASSY,2223217,NMB-MINEBEA THAI LIMITED,YD48450,1115-191-00014,STACK COATED,(NMB REV.B),DORADO 10D,4520A2,11,,,LC,24/12/2025,05/01/2026,05/01/2026,,A,A,D/O Inter-Div,27/01/2026,J888655,1200,PCS,6.4938,7792.56,BT,0,0,7792.56,,,,,,,,WAITING RECEIVE,P/O BALANCE,
T2,71,DM,71DM,T271DM,SPINDLE MOTOR,ASSY,2223217,NMB-MINEBEA THAI LIMITED,YD48452,1118-191-00009,STACK COATED,(NMB REV.A),CIMARRON BP 4D,4520A2,12,,,LC,24/12/2025,05/01/2026,05/01/2026,,A,A,D/O Inter-Div,27/01/2026,J888696,1900,PCS,3.4867,6624.73,BT,0,0,6624.73,,,,,,,,WAITING RECEIVE,P/O BALANCE,
T2,71,DM,71DM,T271DM,SPINDLE MOTOR,ASSY,2223217,NMB-MINEBEA THAI LIMITED,YD48452,1118-191-00009,STACK COATED,(NMB REV.A),CIMARRON BP 4D,4520A2,12,,,LC,24/12/2025,05/01/2026,05/01/2026,,A,A,D/O Inter-Div,27/01/2026,J888697,1900,PCS,3.4867,6624.73,BT,0,0,6624.73,,,,,,,,WAITING RECEIVE,P/O BALANCE,
T2,71,DM,71DM,T271DM,SPINDLE MOTOR,ASSY,2223217,NMB-MINEBEA THAI LIMITED,YD48452,1118-191-00009,STACK COATED,(NMB REV.A),CIMARRON BP 4D,4520A2,12,,,LC,24/12/2025,05/01/2026,05/01/2026,,A,A,D/O Inter-Div,27/01/2026,J888698,1900,PCS,3.4867,6624.73,BT,0,0,6624.73,,,,,,,,WAITING RECEIVE,P/O BALANCE,
T2,71,DM,71DM,T271DM,SPINDLE MOTOR,ASSY,2223217,NMB-MINEBEA THAI LIMITED,YD48452,1118-191-00009,STACK COATED,(NMB REV.A),CIMARRON BP 4D,4520A2,12,,,LC,24/12/2025,05/01/2026,05/01/2026,,A,A,D/O Inter-Div,27/01/2026,J888699,1900,PCS,3.4867,6624.73,BT,0,0,6624.73,,,,,,,,WAITING RECEIVE,P/O BALANCE,
T2,71,DM,71DM,T271DM,SPINDLE MOTOR,ASSY,2223217,NMB-MINEBEA THAI LIMITED,YD48453,1118-191-00009,STACK COATED,(NMB REV.A),CIMARRON BP 4D,4520A2,12,,,LC,24/12/2025,05/01/2026,05/01/2026,,A,A,D/O Inter-Div,27/01/2026,J888641,1900,PCS,3.4867,6624.73,BT,0,0,6624.73,,,,,,,,WAITING RECEIVE,P/O BALANCE,
T2,71,DM,71DM,T271DM,SPINDLE MOTOR,ASSY,2223217,NMB-MINEBEA THAI LIMITED,YD48453,1118-191-00009,STACK COATED,(NMB REV.A),CIMARRON BP 4D,4520A2,12,,,LC,24/12/2025,05/01/2026,05/01/2026,,A,A,D/O Inter-Div,27/01/2026,J888642,1900,PCS,3.4867,6624.73,BT,0,0,6624.73,,,,,,,,WAITING RECEIVE,P/O BALANCE,
T2,71,DM,71DM,T271DM,SPINDLE MOTOR,ASSY,2223217,NMB-MINEBEA THAI LIMITED,YD48453,1118-191-00009,STACK COATED,(NMB REV.A),CIMARRON BP 4D,4520A2,12,,,LC,24/12/2025,05/01/2026,05/01/2026,,A,A,D/O Inter-Div,27/01/2026,J888643,1900,PCS,3.4867,6624.73,BT,0,0,6624.73,,,,,,,,WAITING RECEIVE,P/O BALANCE,
T2,71,DM,71DM,T271DM,SPINDLE MOTOR,ASSY,2223217,NMB-MINEBEA THAI LIMITED,YD48453,1118-191-00009,STACK COATED,(NMB REV.A),CIMARRON BP 4D,4520A2,12,,,LC,24/12/2025,05/01/2026,05/01/2026,,A,A,D/O Inter-Div,27/01/2026,J888644,1900,PCS,3.4867,6624.73,BT,0,0,6624.73,,,,,,,,WAITING RECEIVE,P/O BALANCE,
T2,71,DM,71DM,T271DM,SPINDLE MOTOR,ASSY,2223217,NMB-MINEBEA THAI LIMITED,YD48453,1118-191-00009,STACK COATED,(NMB REV.A),CIMARRON BP 4D,4520A2,12,,,LC,24/12/2025,05/01/2026,05/01/2026,,A,A,D/O Inter-Div,27/01/2026,J888645,1900,PCS,3.4867,6624.73,BT,0,0,6624.73,,,,,,,,WAITING RECEIVE,P/O BALANCE,
T2,71,DM,71DM,T271DM,SPINDLE MOTOR,ASSY,2223217,NMB-MINEBEA THAI LIMITED,YD48453,1118-191-00009,STACK COATED,(NMB REV.A),CIMARRON BP 4D,4520A2,12,,,LC,24/12/2025,05/01/2026,05/01/2026,,A,A,D/O Inter-Div,27/01/2026,J888646,1900,PCS,3.4867,6624.73,BT,0,0,6624.73,,,,,,,,WAITING RECEIVE,P/O BALANCE,
T2,71,DM,71DM,T271DM,SPINDLE MOTOR,ASSY,2223217,NMB-MINEBEA THAI LIMITED,YD48782,1321-108-00005,STACK COATED,(NMB REV.B),IRIS SLIM V1,4520A2,12,,,LC,26/01/2026,27/01/2026,27/01/2026,,A,A,D/O Inter-Div,27/01/2026,J888211,1900,PCS,2.777,5276.3,BT,0,0,5276.3,,,,,,,,WAITING RECEIVE,P/O BALANCE,
T2,71,DM,71DM,T271DM,SPINDLE MOTOR,ASSY,2223217,NMB-MINEBEA THAI LIMITED,YD48782,1321-108-00005,STACK COATED,(NMB REV.B),IRIS SLIM V1,4520A2,12,,,LC,26/01/2026,27/01/2026,27/01/2026,,A,A,D/O Inter-Div,27/01/2026,J888666,1900,PCS,2.777,5276.3,BT,0,0,5276.3,,,,,,,,WAITING RECEIVE,P/O BALANCE,
T2,71,DM,71DM,T271DM,SPINDLE MOTOR,ASSY,22243DW,NMB-MINEBEA THAI LIMITED,YDC9596,1120-571-00017A,HUB (GROOVED),NMB HUB (NMB REV.C),DORADO 10D,4520A1,11,DM08,,LC,17/12/2025,05/01/2026,05/01/2026,,A,A,D/O Inter-Div,27/01/2026,A611762,1200,PCS,52.46,62952,BT,0,0,62952,,,,,,,,WAITING RECEIVE,P/O BALANCE,
T2,71,DM,71DM,T271DM,SPINDLE MOTOR,ASSY,22243DW,NMB-MINEBEA THAI LIMITED,YDC9596,1120-571-00017A,HUB (GROOVED),NMB HUB (NMB REV.C),DORADO 10D,4520A1,11,DM08,,LC,17/12/2025,05/01/2026,05/01/2026,,A,A,D/O Inter-Div,27/01/2026,A611763,1200,PCS,52.46,62952,BT,0,0,62952,,,,,,,,WAITING RECEIVE,P/O BALANCE,
T2,71,DM,71DM,T271DM,SPINDLE MOTOR,ASSY,22243DW,NMB-MINEBEA THAI LIMITED,YDC9596,1120-571-00017A,HUB (GROOVED),NMB HUB (NMB REV.C),DORADO 10D,4520A1,11,DM08,,LC,17/12/2025,05/01/2026,05/01/2026,,A,A,D/O Inter-Div,27/01/2026,A611764,1200,PCS,52.46,62952,BT,0,0,62952,,,,,,,,WAITING RECEIVE,P/O BALANCE,
T2,71,DM,71DM,T271DM,SPINDLE MOTOR,ASSY,22243DW,NMB-MINEBEA THAI LIMITED,YDC9596,1120-571-00017A,HUB (GROOVED),NMB HUB (NMB REV.C),DORADO 10D,4520A1,11,DM08,,LC,17/12/2025,05/01/2026,05/01/2026,,A,A,D/O Inter-Div,27/01/2026,A611765,1200,PCS,52.46,62952,BT,0,0,62952,,,,,,,,WAITING RECEIVE,P/O BALANCE,
T2,71,DM,71DM,T271DM,SPINDLE MOTOR,ASSY,22243DW,NMB-MINEBEA THAI LIMITED,YDC9600,1119-621-00012,CONE (COATED),(NMB REV.B),DORADO 10D,4520A6,11,DM08,,LC,17/12/2025,05/01/2026,05/01/2026,,A,A,D/O Inter-Div,27/01/2026,E613685,1200,PCS,6.53,7836,BT,0,0,7836,,,,,,,,WAITING RECEIVE,P/O BALANCE,
T2,71,DM,71DM,T271DM,SPINDLE MOTOR,ASSY,22243DW,NMB-MINEBEA THAI LIMITED,YDC9600,1119-621-00012,CONE (COATED),(NMB REV.B),DORADO 10D,4520A6,11,DM08,,LC,17/12/2025,05/01/2026,05/01/2026,,A,A,D/O Inter-Div,27/01/2026,E613686,1200,PCS,6.53,7836,BT,0,0,7836,,,,,,,,WAITING RECEIVE,P/O BALANCE,
T2,71,DM,71DM,T271DM,SPINDLE MOTOR,ASSY,22243DW,NMB-MINEBEA THAI LIMITED,YDC9600,1119-621-00012,CONE (COATED),(NMB REV.B),DORADO 10D,4520A6,11,DM08,,LC,17/12/2025,05/01/2026,05/01/2026,,A,A,D/O Inter-Div,27/01/2026,E613687,1200,PCS,6.53,7836,BT,0,0,7836,,,,,,,,WAITING RECEIVE,P/O BALANCE,
T2,71,DM,71DM,T271DM,SPINDLE MOTOR,ASSY,22243DW,NMB-MINEBEA THAI LIMITED,YDC9600,1119-621-00012,CONE (COATED),(NMB REV.B),DORADO 10D,4520A6,11,DM08,,LC,17/12/2025,05/01/2026,05/01/2026,,A,A,D/O Inter-Div,27/01/2026,E613688,1200,PCS,6.53,7836,BT,0,0,7836,,,,,,,,WAITING RECEIVE,P/O BALANCE,
T2,71,DM,71DM,T271DM,SPINDLE MOTOR,ASSY,22243DW,NMB-MINEBEA THAI LIMITED,YDC9600,1119-621-00012,CONE (COATED),(NMB REV.B),DORADO 10D,4520A6,11,DM08,,LC,17/12/2025,05/01/2026,05/01/2026,,A,A,D/O Inter-Div,27/01/2026,E613689,1200,PCS,6.53,7836,BT,0,0,7836,,,,,,,,WAITING RECEIVE,P/O BALANCE,
T2,71,DM,71DM,T271DM,SPINDLE MOTOR,ASSY,22243DW,NMB-MINEBEA THAI LIMITED,YDC9600,1119-621-00012,CONE (COATED),(NMB REV.B),DORADO 10D,4520A6,11,DM08,,LC,17/12/2025,05/01/2026,05/01/2026,,A,A,D/O Inter-Div,27/01/2026,E613690,1200,PCS,6.53,7836,BT,0,0,7836,,,,,,,,WAITING RECEIVE,P/O BALANCE,
T2,71,DM,71DM,T271DM,SPINDLE MOTOR,ASSY,22243DW,NMB-MINEBEA THAI LIMITED,YDC9600,1119-621-00012,CONE (COATED),(NMB REV.B),DORADO 10D,4520A6,11,DM08,,LC,17/12/2025,05/01/2026,05/01/2026,,A,A,D/O Inter-Div,27/01/2026,E613691,1200,PCS,6.53,7836,BT,0,0,7836,,,,,,,,WAITING RECEIVE,P/O BALANCE,
T2,71,DM,71DM,T271DM,SPINDLE MOTOR,ASSY,22243DW,NMB-MINEBEA THAI LIMITED,YDC9600,1119-621-00012,CONE (COATED),(NMB REV.B),DORADO 10D,4520A6,11,DM08,,LC,17/12/2025,05/01/2026,05/01/2026,,A,A,D/O Inter-Div,27/01/2026,E613692,1200,PCS,6.53,7836,BT,0,0,7836,,,,,,,,WAITING RECEIVE,P/O BALANCE,
T2,71,DM,71DM,T271DM,SPINDLE MOTOR,ASSY,22243DW,NMB-MINEBEA THAI LIMITED,YDC9600,1119-621-00012,CONE (COATED),(NMB REV.B),DORADO 10D,4520A6,11,DM08,,LC,17/12/2025,05/01/2026,05/01/2026,,A,A,D/O Inter-Div,27/01/2026,E613693,1200,PCS,6.53,7836,BT,0,0,7836,,,,,,,,WAITING RECEIVE,P/O BALANCE,
T2,71,DM,71DM,T271DM,SPINDLE MOTOR,ASSY,22243DW,NMB-MINEBEA THAI LIMITED,YDC9600,1119-621-00012,CONE (COATED),(NMB REV.B),DORADO 10D,4520A6,11,DM08,,LC,17/12/2025,05/01/2026,05/01/2026,,A,A,D/O Inter-Div,27/01/2026,E613694,1200,PCS,6.53,7836,BT,0,0,7836,,,,,,,,WAITING RECEIVE,P/O BALANCE,
T2,71,DM,71DM,T271DM,SPINDLE MOTOR,ASSY,22243DW,NMB-MINEBEA THAI LIMITED,YDC9600,1119-621-00012,CONE (COATED),(NMB REV.B),DORADO 10D,4520A6,11,DM08,,LC,17/12/2025,05/01/2026,05/01/2026,,A,A,D/O Inter-Div,27/01/2026,E613695,1200,PCS,6.53,7836,BT,0,0,7836,,,,,,,,WAITING RECEIVE,P/O BALANCE,
T2,71,DM,71DM,T271DM,SPINDLE MOTOR,ASSY,22243DW,NMB-MINEBEA THAI LIMITED,YDC9600,1119-621-00012,CONE (COATED),(NMB REV.B),DORADO 10D,4520A6,11,DM08,,LC,17/12/2025,05/01/2026,05/01/2026,,A,A,D/O Inter-Div,27/01/2026,E613696,1200,PCS,6.53,7836,BT,0,0,7836,,,,,,,,WAITING RECEIVE,P/O BALANCE,
T2,71,DM,71DM,T271DM,SPINDLE MOTOR,ASSY,22243DW,NMB-MINEBEA THAI LIMITED,YDC9600,1119-621-00012,CONE (COATED),(NMB REV.B),DORADO 10D,4520A6,11,DM08,,LC,17/12/2025,05/01/2026,05/01/2026,,A,A,D/O Inter-Div,27/01/2026,E613697,1200,PCS,6.53,7836,BT,0,0,7836,,,,,,,,WAITING RECEIVE,P/O BALANCE,
T2,71,DM,71DM,T271DM,SPINDLE MOTOR,ASSY,22243DW,NMB-MINEBEA THAI LIMITED,YDC9600,1119-621-00012,CONE (COATED),(NMB REV.B),DORADO 10D,4520A6,11,DM08,,LC,17/12/2025,05/01/2026,05/01/2026,,A,A,D/O Inter-Div,27/01/2026,E613699,1200,PCS,6.53,7836,BT,0,0,7836,,,,,,,,WAITING RECEIVE,P/O BALANCE,
T2,71,DM,71DM,T271DM,SPINDLE MOTOR,ASSY,22243DW,NMB-MINEBEA THAI LIMITED,YDC9600,1119-621-00012,CONE (COATED),(NMB REV.B),DORADO 10D,4520A6,11,DM08,,LC,17/12/2025,05/01/2026,05/01/2026,,A,A,D/O Inter-Div,27/01/2026,E613700,1200,PCS,6.53,7836,BT,0,0,7836,,,,,,,,WAITING RECEIVE,P/O BALANCE,
T2,71,DM,71DM,T271DM,SPINDLE MOTOR,ASSY,22243DW,NMB-MINEBEA THAI LIMITED,YDC9600,1119-621-00012,CONE (COATED),(NMB REV.B),DORADO 10D,4520A6,11,DM08,,LC,17/12/2025,05/01/2026,05/01/2026,,A,A,D/O Inter-Div,27/01/2026,E613701,1200,PCS,6.53,7836,BT,0,0,7836,,,,,,,,WAITING RECEIVE,P/O BALANCE,
T2,71,DM,71DM,T271DM,SPINDLE MOTOR,ASSY,22243DW,NMB-MINEBEA THAI LIMITED,YDC9600,1119-621-00012,CONE (COATED),(NMB REV.B),DORADO 10D,4520A6,11,DM08,,LC,17/12/2025,05/01/2026,05/01/2026,,A,A,D/O Inter-Div,27/01/2026,E613702,1200,PCS,6.53,7836,BT,0,0,7836,,,,,,,,WAITING RECEIVE,P/O BALANCE,
T2,71,DM,71DM,T271DM,SPINDLE MOTOR,ASSY,22243DW,NMB-MINEBEA THAI LIMITED,YDC9600,1119-621-00012,CONE (COATED),(NMB REV.B),DORADO 10D,4520A6,11,DM08,,LC,17/12/2025,05/01/2026,05/01/2026,,A,A,D/O Inter-Div,27/01/2026,E613703,1200,PCS,6.53,7836,BT,0,0,7836,,,,,,,,WAITING RECEIVE,P/O BALANCE,
T2,71,DM,71DM,T271DM,SPINDLE MOTOR,ASSY,22243DW,NMB-MINEBEA THAI LIMITED,YDC9600,1119-621-00012,CONE (COATED),(NMB REV.B),DORADO 10D,4520A6,11,DM08,,LC,17/12/2025,05/01/2026,05/01/2026,,A,A,D/O Inter-Div,27/01/2026,E613704,1200,PCS,6.53,7836,BT,0,0,7836,,,,,,,,WAITING RECEIVE,P/O BALANCE,
T2,71,DM,71DM,T271DM,SPINDLE MOTOR,ASSY,22243DW,NMB-MINEBEA THAI LIMITED,YDC9600,1119-621-00012,CONE (COATED),(NMB REV.B),DORADO 10D,4520A6,11,DM08,,LC,17/12/2025,05/01/2026,05/01/2026,,A,A,D/O Inter-Div,27/01/2026,E613705,1200,PCS,6.53,7836,BT,0,0,7836,,,,,,,,WAITING RECEIVE,P/O BALANCE,
T2,71,DM,71DM,T271DM,SPINDLE MOTOR,ASSY,22243DW,NMB-MINEBEA THAI LIMITED,YDC9600,1119-621-00012,CONE (COATED),(NMB REV.B),DORADO 10D,4520A6,11,DM08,,LC,17/12/2025,05/01/2026,05/01/2026,,A,A,D/O Inter-Div,27/01/2026,E613706,1200,PCS,6.53,7836,BT,0,0,7836,,,,,,,,WAITING RECEIVE,P/O BALANCE,
T2,71,DM,71DM,T271DM,SPINDLE MOTOR,ASSY,22243DW,NMB-MINEBEA THAI LIMITED,YDC9600,1119-621-00012,CONE (COATED),(NMB REV.B),DORADO 10D,4520A6,11,DM08,,LC,17/12/2025,05/01/2026,05/01/2026,,A,A,D/O Inter-Div,27/01/2026,E613707,1200,PCS,6.53,7836,BT,0,0,7836,,,,,,,,WAITING RECEIVE,P/O BALANCE,
T2,71,DM,71DM,T271DM,SPINDLE MOTOR,ASSY,22243DW,NMB-MINEBEA THAI LIMITED,YDC9600,1119-621-00012,CONE (COATED),(NMB REV.B),DORADO 10D,4520A6,11,DM08,,LC,17/12/2025,05/01/2026,05/01/2026,,A,A,D/O Inter-Div,27/01/2026,E613708,1200,PCS,6.53,7836,BT,0,0,7836,,,,,,,,WAITING RECEIVE,P/O BALANCE,
T2,71,DM,71DM,T271DM,SPINDLE MOTOR,ASSY,22243DW,NMB-MINEBEA THAI LIMITED,YDC9600,1119-621-00012,CONE (COATED),(NMB REV.B),DORADO 10D,4520A6,11,DM08,,LC,17/12/2025,05/01/2026,05/01/2026,,A,A,D/O Inter-Div,27/01/2026,E613709,1200,PCS,6.53,7836,BT,0,0,7836,,,,,,,,WAITING RECEIVE,P/O BALANCE,
T2,71,DM,71DM,T271DM,SPINDLE MOTOR,ASSY,22243DW,NMB-MINEBEA THAI LIMITED,YDC9600,1119-621-00012,CONE (COATED),(NMB REV.B),DORADO 10D,4520A6,11,DM08,,LC,17/12/2025,05/01/2026,05/01/2026,,A,A,D/O Inter-Div,27/01/2026,E613710,1200,PCS,6.53,7836,BT,0,0,7836,,,,,,,,WAITING RECEIVE,P/O BALANCE,
T2,71,DM,71DM,T271DM,SPINDLE MOTOR,ASSY,22243DW,NMB-MINEBEA THAI LIMITED,YDC9600,1119-621-00012,CONE (COATED),(NMB REV.B),DORADO 10D,4520A6,11,DM08,,LC,17/12/2025,05/01/2026,05/01/2026,,A,A,D/O Inter-Div,27/01/2026,E613711,1200,PCS,6.53,7836,BT,0,0,7836,,,,,,,,WAITING RECEIVE,P/O BALANCE,
T2,71,DM,71DM,T271DM,SPINDLE MOTOR,ASSY,22243DW,NMB-MINEBEA THAI LIMITED,YDC9600,1119-621-00012,CONE (COATED),(NMB REV.B),DORADO 10D,4520A6,11,DM08,,LC,17/12/2025,05/01/2026,05/01/2026,,A,A,D/O Inter-Div,27/01/2026,E613712,1200,PCS,6.53,7836,BT,0,0,7836,,,,,,,,WAITING RECEIVE,P/O BALANCE,
T2,71,DM,71DM,T271DM,SPINDLE MOTOR,ASSY,22243DW,NMB-MINEBEA THAI LIMITED,YDC9600,1119-621-00012,CONE (COATED),(NMB REV.B),DORADO 10D,4520A6,11,DM08,,LC,17/12/2025,05/01/2026,05/01/2026,,A,A,D/O Inter-Div,27/01/2026,E613713,1200,PCS,6.53,7836,BT,0,0,7836,,,,,,,,WAITING RECEIVE,P/O BALANCE,
T2,71,DM,71DM,T271DM,SPINDLE MOTOR,ASSY,22243DW,NMB-MINEBEA THAI LIMITED,YDC9600,1119-621-00012,CONE (COATED),(NMB REV.B),DORADO 10D,4520A6,11,DM08,,LC,17/12/2025,05/01/2026,05/01/2026,,A,A,D/O Inter-Div,27/01/2026,E613714,1200,PCS,6.53,7836,BT,0,0,7836,,,,,,,,WAITING RECEIVE,P/O BALANCE,
T2,71,DM,71DM,T271DM,SPINDLE MOTOR,ASSY,22243DW,NMB-MINEBEA THAI LIMITED,YDC9600,1119-621-00012,CONE (COATED),(NMB REV.B),DORADO 10D,4520A6,11,DM08,,LC,17/12/2025,05/01/2026,05/01/2026,,A,A,D/O Inter-Div,27/01/2026,E613715,1200,PCS,6.53,7836,BT,0,0,7836,,,,,,,,WAITING RECEIVE,P/O BALANCE,
T2,71,DM,71DM,T271DM,SPINDLE MOTOR,ASSY,22243DW,NMB-MINEBEA THAI LIMITED,YDC9600,1119-621-00012,CONE (COATED),(NMB REV.B),DORADO 10D,4520A6,11,DM08,,LC,17/12/2025,05/01/2026,05/01/2026,,A,A,D/O Inter-Div,27/01/2026,E613716,1200,PCS,6.53,7836,BT,0,0,7836,,,,,,,,WAITING RECEIVE,P/O BALANCE,
T2,71,DM,71DM,T271DM,SPINDLE MOTOR,ASSY,22243DW,NMB-MINEBEA THAI LIMITED,YDC9600,1119-621-00012,CONE (COATED),(NMB REV.B),DORADO 10D,4520A6,11,DM08,,LC,17/12/2025,05/01/2026,05/01/2026,,A,A,D/O Inter-Div,27/01/2026,E613717,1200,PCS,6.53,7836,BT,0,0,7836,,,,,,,,WAITING RECEIVE,P/O BALANCE,
T2,71,DM,71DM,T271DM,SPINDLE MOTOR,ASSY,22243DW,NMB-MINEBEA THAI LIMITED,YDC9600,1119-621-00012,CONE (COATED),(NMB REV.B),DORADO 10D,4520A6,11,DM08,,LC,17/12/2025,05/01/2026,05/01/2026,,A,A,D/O Inter-Div,27/01/2026,E613718,1200,PCS,6.53,7836,BT,0,0,7836,,,,,,,,WAITING RECEIVE,P/O BALANCE,
T2,71,DM,71DM,T271DM,SPINDLE MOTOR,ASSY,22243DW,NMB-MINEBEA THAI LIMITED,YDC9600,1119-621-00012,CONE (COATED),(NMB REV.B),DORADO 10D,4520A6,11,DM08,,LC,17/12/2025,05/01/2026,05/01/2026,,A,A,D/O Inter-Div,27/01/2026,E613719,1200,PCS,6.53,7836,BT,0,0,7836,,,,,,,,WAITING RECEIVE,P/O BALANCE,
T2,71,DM,71DM,T271DM,SPINDLE MOTOR,ASSY,22243DW,NMB-MINEBEA THAI LIMITED,YDC9600,1119-621-00012,CONE (COATED),(NMB REV.B),DORADO 10D,4520A6,11,DM08,,LC,17/12/2025,05/01/2026,05/01/2026,,A,A,D/O Inter-Div,27/01/2026,E613720,1200,PCS,6.53,7836,BT,0,0,7836,,,,,,,,WAITING RECEIVE,P/O BALANCE,
T2,71,DM,71DM,T271DM,SPINDLE MOTOR,ASSY,22243DW,NMB-MINEBEA THAI LIMITED,YDC9600,1119-621-00012,CONE (COATED),(NMB REV.B),DORADO 10D,4520A6,11,DM08,,LC,17/12/2025,05/01/2026,05/01/2026,,A,A,D/O Inter-Div,27/01/2026,E613721,1200,PCS,6.53,7836,BT,0,0,7836,,,,,,,,WAITING RECEIVE,P/O BALANCE,
T2,71,DM,71DM,T271DM,SPINDLE MOTOR,ASSY,22243DW,NMB-MINEBEA THAI LIMITED,YDC9600,1119-621-00012,CONE (COATED),(NMB REV.B),DORADO 10D,4520A6,11,DM08,,LC,17/12/2025,05/01/2026,05/01/2026,,A,A,D/O Inter-Div,27/01/2026,E613722,1200,PCS,6.53,7836,BT,0,0,7836,,,,,,,,WAITING RECEIVE,P/O BALANCE,
T2,71,DM,71DM,T271DM,SPINDLE MOTOR,ASSY,22243DW,NMB-MINEBEA THAI LIMITED,YDC9600,1119-621-00012,CONE (COATED),(NMB REV.B),DORADO 10D,4520A6,11,DM08,,LC,17/12/2025,05/01/2026,05/01/2026,,A,A,D/O Inter-Div,27/01/2026,E613723,1200,PCS,6.53,7836,BT,0,0,7836,,,,,,,,WAITING RECEIVE,P/O BALANCE,
T2,71,DM,71DM,T271DM,SPINDLE MOTOR,ASSY,22243DW,NMB-MINEBEA THAI LIMITED,YDC9600,1119-621-00012,CONE (COATED),(NMB REV.B),DORADO 10D,4520A6,11,DM08,,LC,17/12/2025,05/01/2026,05/01/2026,,A,A,D/O Inter-Div,27/01/2026,E613724,1200,PCS,6.53,7836,BT,0,0,7836,,,,,,,,WAITING RECEIVE,P/O BALANCE,
T2,71,DM,71DM,T271DM,SPINDLE MOTOR,ASSY,22243DW,NMB-MINEBEA THAI LIMITED,YDC9600,1119-621-00012,CONE (COATED),(NMB REV.B),DORADO 10D,4520A6,11,DM08,,LC,17/12/2025,05/01/2026,05/01/2026,,A,A,D/O Inter-Div,27/01/2026,E613725,1200,PCS,6.53,7836,BT,0,0,7836,,,,,,,,WAITING RECEIVE,P/O BALANCE,
T2,71,DM,71DM,T271DM,SPINDLE MOTOR,ASSY,22243DW,NMB-MINEBEA THAI LIMITED,YDC9600,1119-621-00012,CONE (COATED),(NMB REV.B),DORADO 10D,4520A6,11,DM08,,LC,17/12/2025,05/01/2026,05/01/2026,,A,A,D/O Inter-Div,27/01/2026,E613726,1200,PCS,6.53,7836,BT,0,0,7836,,,,,,,,WAITING RECEIVE,P/O BALANCE,
T2,71,DM,71DM,T271DM,SPINDLE MOTOR,ASSY,22243DW,NMB-MINEBEA THAI LIMITED,YDC9600,1119-621-00012,CONE (COATED),(NMB REV.B),DORADO 10D,4520A6,11,DM08,,LC,17/12/2025,05/01/2026,05/01/2026,,A,A,D/O Inter-Div,27/01/2026,E613727,1200,PCS,6.53,7836,BT,0,0,7836,,,,,,,,WAITING RECEIVE,P/O BALANCE,
T2,71,DM,71DM,T271DM,SPINDLE MOTOR,ASSY,22243DW,NMB-MINEBEA THAI LIMITED,YDC9600,1119-621-00012,CONE (COATED),(NMB REV.B),DORADO 10D,4520A6,11,DM08,,LC,17/12/2025,05/01/2026,05/01/2026,,A,A,D/O Inter-Div,27/01/2026,E613728,1200,PCS,6.53,7836,BT,0,0,7836,,,,,,,,WAITING RECEIVE,P/O BALANCE,
T2,71,DM,71DM,T271DM,SPINDLE MOTOR,ASSY,22243DW,NMB-MINEBEA THAI LIMITED,YDC9600,1119-621-00012,CONE (COATED),(NMB REV.B),DORADO 10D,4520A6,11,DM08,,LC,17/12/2025,05/01/2026,05/01/2026,,A,A,D/O Inter-Div,27/01/2026,E613729,1200,PCS,6.53,7836,BT,0,0,7836,,,,,,,,WAITING RECEIVE,P/O BALANCE,
T2,71,DM,71DM,T271DM,SPINDLE MOTOR,ASSY,22243DW,NMB-MINEBEA THAI LIMITED,YDC9600,1119-621-00012,CONE (COATED),(NMB REV.B),DORADO 10D,4520A6,11,DM08,,LC,17/12/2025,05/01/2026,05/01/2026,,A,A,D/O Inter-Div,27/01/2026,E613730,1200,PCS,6.53,7836,BT,0,0,7836,,,,,,,,WAITING RECEIVE,P/O BALANCE,
T2,71,DM,71DM,T271DM,SPINDLE MOTOR,ASSY,22243DW,NMB-MINEBEA THAI LIMITED,YDC9600,1119-621-00012,CONE (COATED),(NMB REV.B),DORADO 10D,4520A6,11,DM08,,LC,17/12/2025,05/01/2026,05/01/2026,,A,A,D/O Inter-Div,27/01/2026,E613731,1200,PCS,6.53,7836,BT,0,0,7836,,,,,,,,WAITING RECEIVE,P/O BALANCE,
T2,71,DM,71DM,T271DM,SPINDLE MOTOR,ASSY,22243DW,NMB-MINEBEA THAI LIMITED,YDC9600,1119-621-00012,CONE (COATED),(NMB REV.B),DORADO 10D,4520A6,11,DM08,,LC,17/12/2025,05/01/2026,05/01/2026,,A,A,D/O Inter-Div,27/01/2026,E613732,1200,PCS,6.53,7836,BT,0,0,7836,,,,,,,,WAITING RECEIVE,P/O BALANCE,
T2,71,DM,71DM,T271DM,SPINDLE MOTOR,ASSY,22243DW,NMB-MINEBEA THAI LIMITED,YDC9600,1119-621-00012,CONE (COATED),(NMB REV.B),DORADO 10D,4520A6,11,DM08,,LC,17/12/2025,05/01/2026,05/01/2026,,A,A,D/O Inter-Div,27/01/2026,E613733,1200,PCS,6.53,7836,BT,0,0,7836,,,,,,,,WAITING RECEIVE,P/O BALANCE,
T2,71,DM,71DM,T271DM,SPINDLE MOTOR,ASSY,22243DW,NMB-MINEBEA THAI LIMITED,YDC9600,1119-621-00012,CONE (COATED),(NMB REV.B),DORADO 10D,4520A6,11,DM08,,LC,17/12/2025,05/01/2026,05/01/2026,,A,A,D/O Inter-Div,27/01/2026,E613734,1200,PCS,6.53,7836,BT,0,0,7836,,,,,,,,WAITING RECEIVE,P/O BALANCE,
T2,71,DM,71DM,T271DM,SPINDLE MOTOR,ASSY,22243DW,NMB-MINEBEA THAI LIMITED,YDC9600,1119-621-00012,CONE (COATED),(NMB REV.B),DORADO 10D,4520A6,11,DM08,,LC,17/12/2025,05/01/2026,05/01/2026,,A,A,D/O Inter-Div,27/01/2026,E613735,1200,PCS,6.53,7836,BT,0,0,7836,,,,,,,,WAITING RECEIVE,P/O BALANCE,
T2,71,DM,71DM,T271DM,SPINDLE MOTOR,ASSY,22243DW,NMB-MINEBEA THAI LIMITED,YDC9600,1119-621-00012,CONE (COATED),(NMB REV.B),DORADO 10D,4520A6,11,DM08,,LC,17/12/2025,05/01/2026,05/01/2026,,A,A,D/O Inter-Div,27/01/2026,E613736,1200,PCS,6.53,7836,BT,0,0,7836,,,,,,,,WAITING RECEIVE,P/O BALANCE,
T2,71,DM,71DM,T271DM,SPINDLE MOTOR,ASSY,22243DW,NMB-MINEBEA THAI LIMITED,YDC9600,1119-621-00012,CONE (COATED),(NMB REV.B),DORADO 10D,4520A6,11,DM08,,LC,17/12/2025,05/01/2026,05/01/2026,,A,A,D/O Inter-Div,27/01/2026,E613737,1200,PCS,6.53,7836,BT,0,0,7836,,,,,,,,WAITING RECEIVE,P/O BALANCE,
T2,71,DM,71DM,T271DM,SPINDLE MOTOR,ASSY,22243DW,NMB-MINEBEA THAI LIMITED,YDC9600,1119-621-00012,CONE (COATED),(NMB REV.B),DORADO 10D,4520A6,11,DM08,,LC,17/12/2025,05/01/2026,05/01/2026,,A,A,D/O Inter-Div,27/01/2026,E613738,1200,PCS,6.53,7836,BT,0,0,7836,,,,,,,,WAITING RECEIVE,P/O BALANCE,
T2,71,DM,71DM,T271DM,SPINDLE MOTOR,ASSY,22243DW,NMB-MINEBEA THAI LIMITED,YDC9600,1119-621-00012,CONE (COATED),(NMB REV.B),DORADO 10D,4520A6,11,DM08,,LC,17/12/2025,05/01/2026,05/01/2026,,A,A,D/O Inter-Div,27/01/2026,E613739,1200,PCS,6.53,7836,BT,0,0,7836,,,,,,,,WAITING RECEIVE,P/O BALANCE,
T2,71,DM,71DM,T271DM,SPINDLE MOTOR,ASSY,22243DW,NMB-MINEBEA THAI LIMITED,YDC9600,1119-621-00012,CONE (COATED),(NMB REV.B),DORADO 10D,4520A6,11,DM08,,LC,17/12/2025,05/01/2026,05/01/2026,,A,A,D/O Inter-Div,27/01/2026,E613740,1200,PCS,6.53,7836,BT,0,0,7836,,,,,,,,WAITING RECEIVE,P/O BALANCE,
T2,71,DM,71DM,T271DM,SPINDLE MOTOR,ASSY,22243DW,NMB-MINEBEA THAI LIMITED,YDC9600,1119-621-00012,CONE (COATED),(NMB REV.B),DORADO 10D,4520A6,11,DM08,,LC,17/12/2025,05/01/2026,05/01/2026,,A,A,D/O Inter-Div,27/01/2026,E613741,1200,PCS,6.53,7836,BT,0,0,7836,,,,,,,,WAITING RECEIVE,P/O BALANCE,
T2,71,DM,71DM,T271DM,SPINDLE MOTOR,ASSY,22243DW,NMB-MINEBEA THAI LIMITED,YDC9600,1119-621-00012,CONE (COATED),(NMB REV.B),DORADO 10D,4520A6,11,DM08,,LC,17/12/2025,05/01/2026,05/01/2026,,A,A,D/O Inter-Div,27/01/2026,E613742,1200,PCS,6.53,7836,BT,0,0,7836,,,,,,,,WAITING RECEIVE,P/O BALANCE,
T2,71,DM,71DM,T271DM,SPINDLE MOTOR,ASSY,22243DW,NMB-MINEBEA THAI LIMITED,YDC9600,1119-621-00012,CONE (COATED),(NMB REV.B),DORADO 10D,4520A6,11,DM08,,LC,17/12/2025,05/01/2026,05/01/2026,,A,A,D/O Inter-Div,27/01/2026,E613743,1200,PCS,6.53,7836,BT,0,0,7836,,,,,,,,WAITING RECEIVE,P/O BALANCE,
T2,71,DM,71DM,T271DM,SPINDLE MOTOR,ASSY,22243DW,NMB-MINEBEA THAI LIMITED,YDC9600,1119-621-00012,CONE (COATED),(NMB REV.B),DORADO 10D,4520A6,11,DM08,,LC,17/12/2025,05/01/2026,05/01/2026,,A,A,D/O Inter-Div,27/01/2026,E613744,1200,PCS,6.53,7836,BT,0,0,7836,,,,,,,,WAITING RECEIVE,P/O BALANCE,
T2,71,DM,71DM,T271DM,SPINDLE MOTOR,ASSY,22243DW,NMB-MINEBEA THAI LIMITED,YDC9600,1119-621-00012,CONE (COATED),(NMB REV.B),DORADO 10D,4520A6,11,DM08,,LC,17/12/2025,05/01/2026,05/01/2026,,A,A,D/O Inter-Div,27/01/2026,E613745,1200,PCS,6.53,7836,BT,0,0,7836,,,,,,,,WAITING RECEIVE,P/O BALANCE,
T2,71,DM,71DM,T271DM,SPINDLE MOTOR,ASSY,22243DW,NMB-MINEBEA THAI LIMITED,YDC9600,1119-621-00012,CONE (COATED),(NMB REV.B),DORADO 10D,4520A6,11,DM08,,LC,17/12/2025,05/01/2026,05/01/2026,,A,A,D/O Inter-Div,27/01/2026,E613746,1200,PCS,6.53,7836,BT,0,0,7836,,,,,,,,WAITING RECEIVE,P/O BALANCE,
T2,71,DM,71DM,T271DM,SPINDLE MOTOR,ASSY,22243DW,NMB-MINEBEA THAI LIMITED,YDC9600,1119-621-00012,CONE (COATED),(NMB REV.B),DORADO 10D,4520A6,11,DM08,,LC,17/12/2025,05/01/2026,05/01/2026,,A,A,D/O Inter-Div,27/01/2026,E613747,1200,PCS,6.53,7836,BT,0,0,7836,,,,,,,,WAITING RECEIVE,P/O BALANCE,
T2,71,DM,71DM,T271DM,SPINDLE MOTOR,ASSY,22243DW,NMB-MINEBEA THAI LIMITED,YDC9600,1119-621-00012,CONE (COATED),(NMB REV.B),DORADO 10D,4520A6,11,DM08,,LC,17/12/2025,05/01/2026,05/01/2026,,A,A,D/O Inter-Div,27/01/2026,E613748,1200,PCS,6.53,7836,BT,0,0,7836,,,,,,,,WAITING RECEIVE,P/O BALANCE,
T2,71,DM,71DM,T271DM,SPINDLE MOTOR,ASSY,22243DW,NMB-MINEBEA THAI LIMITED,YDC9600,1119-621-00012,CONE (COATED),(NMB REV.B),DORADO 10D,4520A6,11,DM08,,LC,17/12/2025,05/01/2026,05/01/2026,,A,A,D/O Inter-Div,27/01/2026,E613749,1200,PCS,6.53,7836,BT,0,0,7836,,,,,,,,WAITING RECEIVE,P/O BALANCE,
T2,71,DM,71DM,T271DM,SPINDLE MOTOR,ASSY,22243DW,NMB-MINEBEA THAI LIMITED,YDC9600,1119-621-00012,CONE (COATED),(NMB REV.B),DORADO 10D,4520A6,11,DM08,,LC,17/12/2025,05/01/2026,05/01/2026,,A,A,D/O Inter-Div,27/01/2026,E613750,1200,PCS,6.53,7836,BT,0,0,7836,,,,,,,,WAITING RECEIVE,P/O BALANCE,
T2,71,DM,71DM,T271DM,SPINDLE MOTOR,ASSY,22243DW,NMB-MINEBEA THAI LIMITED,YDC9600,1119-621-00012,CONE (COATED),(NMB REV.B),DORADO 10D,4520A6,11,DM08,,LC,17/12/2025,05/01/2026,05/01/2026,,A,A,D/O Inter-Div,27/01/2026,E613751,1200,PCS,6.53,7836,BT,0,0,7836,,,,,,,,WAITING RECEIVE,P/O BALANCE,
T2,71,DM,71DM,T271DM,SPINDLE MOTOR,ASSY,22243DW,NMB-MINEBEA THAI LIMITED,YDC9600,1119-621-00012,CONE (COATED),(NMB REV.B),DORADO 10D,4520A6,11,DM08,,LC,17/12/2025,05/01/2026,05/01/2026,,A,A,D/O Inter-Div,27/01/2026,E613752,1200,PCS,6.53,7836,BT,0,0,7836,,,,,,,,WAITING RECEIVE,P/O BALANCE,
T2,71,DM,71DM,T271DM,SPINDLE MOTOR,ASSY,22243DW,NMB-MINEBEA THAI LIMITED,YDC9600,1119-621-00012,CONE (COATED),(NMB REV.B),DORADO 10D,4520A6,11,DM08,,LC,17/12/2025,05/01/2026,05/01/2026,,A,A,D/O Inter-Div,27/01/2026,E613753,1200,PCS,6.53,7836,BT,0,0,7836,,,,,,,,WAITING RECEIVE,P/O BALANCE,
T2,71,DM,71DM,T271DM,SPINDLE MOTOR,ASSY,22243DW,NMB-MINEBEA THAI LIMITED,YDC9600,1119-621-00012,CONE (COATED),(NMB REV.B),DORADO 10D,4520A6,11,DM08,,LC,17/12/2025,05/01/2026,05/01/2026,,A,A,D/O Inter-Div,27/01/2026,E613754,1200,PCS,6.53,7836,BT,0,0,7836,,,,,,,,WAITING RECEIVE,P/O BALANCE,
T2,71,DM,71DM,T271DM,SPINDLE MOTOR,ASSY,22243DW,NMB-MINEBEA THAI LIMITED,YDC9600,1119-621-00012,CONE (COATED),(NMB REV.B),DORADO 10D,4520A6,11,DM08,,LC,17/12/2025,05/01/2026,05/01/2026,,A,A,D/O Inter-Div,27/01/2026,E613755,1200,PCS,6.53,7836,BT,0,0,7836,,,,,,,,WAITING RECEIVE,P/O BALANCE,
T2,71,DM,71DM,T271DM,SPINDLE MOTOR,ASSY,22243DW,NMB-MINEBEA THAI LIMITED,YDC9600,1119-621-00012,CONE (COATED),(NMB REV.B),DORADO 10D,4520A6,11,DM08,,LC,17/12/2025,05/01/2026,05/01/2026,,A,A,D/O Inter-Div,27/01/2026,E613756,1200,PCS,6.53,7836,BT,0,0,7836,,,,,,,,WAITING RECEIVE,P/O BALANCE,
T2,71,DM,71DM,T271DM,SPINDLE MOTOR,ASSY,22243DW,NMB-MINEBEA THAI LIMITED,YDC9600,1119-621-00012,CONE (COATED),(NMB REV.B),DORADO 10D,4520A6,11,DM08,,LC,17/12/2025,05/01/2026,05/01/2026,,A,A,D/O Inter-Div,27/01/2026,E613757,1200,PCS,6.53,7836,BT,0,0,7836,,,,,,,,WAITING RECEIVE,P/O BALANCE,
T2,71,DM,71DM,T271DM,SPINDLE MOTOR,ASSY,22243DW,NMB-MINEBEA THAI LIMITED,YDC9600,1119-621-00012,CONE (COATED),(NMB REV.B),DORADO 10D,4520A6,11,DM08,,LC,17/12/2025,05/01/2026,05/01/2026,,A,A,D/O Inter-Div,27/01/2026,E613758,1200,PCS,6.53,7836,BT,0,0,7836,,,,,,,,WAITING RECEIVE,P/O BALANCE,
T2,71,DM,71DM,T271DM,SPINDLE MOTOR,ASSY,22243DW,NMB-MINEBEA THAI LIMITED,YDC9600,1119-621-00012,CONE (COATED),(NMB REV.B),DORADO 10D,4520A6,11,DM08,,LC,17/12/2025,05/01/2026,05/01/2026,,A,A,D/O Inter-Div,27/01/2026,E613759,1200,PCS,6.53,7836,BT,0,0,7836,,,,,,,,WAITING RECEIVE,P/O BALANCE,
T2,71,DM,71DM,T271DM,SPINDLE MOTOR,ASSY,22243DW,NMB-MINEBEA THAI LIMITED,YDC9600,1119-621-00012,CONE (COATED),(NMB REV.B),DORADO 10D,4520A6,11,DM08,,LC,17/12/2025,05/01/2026,05/01/2026,,A,A,D/O Inter-Div,27/01/2026,E613760,1200,PCS,6.53,7836,BT,0,0,7836,,,,,,,,WAITING RECEIVE,P/O BALANCE,
T2,71,DM,71DM,T271DM,SPINDLE MOTOR,ASSY,22243DW,NMB-MINEBEA THAI LIMITED,YDC9600,1119-621-00012,CONE (COATED),(NMB REV.B),DORADO 10D,4520A6,11,DM08,,LC,17/12/2025,05/01/2026,05/01/2026,,A,A,D/O Inter-Div,27/01/2026,E613761,1200,PCS,6.53,7836,BT,0,0,7836,,,,,,,,WAITING RECEIVE,P/O BALANCE,
T2,71,DM,71DM,T271DM,SPINDLE MOTOR,ASSY,22243DW,NMB-MINEBEA THAI LIMITED,YDC9600,1119-621-00012,CONE (COATED),(NMB REV.B),DORADO 10D,4520A6,11,DM08,,LC,17/12/2025,05/01/2026,05/01/2026,,A,A,D/O Inter-Div,27/01/2026,E613762,1200,PCS,6.53,7836,BT,0,0,7836,,,,,,,,WAITING RECEIVE,P/O BALANCE,
T2,71,DM,71DM,T271DM,SPINDLE MOTOR,ASSY,22243DW,NMB-MINEBEA THAI LIMITED,YDC9600,1119-621-00012,CONE (COATED),(NMB REV.B),DORADO 10D,4520A6,11,DM08,,LC,17/12/2025,05/01/2026,05/01/2026,,A,A,D/O Inter-Div,27/01/2026,E613763,1200,PCS,6.53,7836,BT,0,0,7836,,,,,,,,WAITING RECEIVE,P/O BALANCE,
T2,71,DM,71DM,T271DM,SPINDLE MOTOR,ASSY,22243DW,NMB-MINEBEA THAI LIMITED,YDC9600,1119-621-00012,CONE (COATED),(NMB REV.B),DORADO 10D,4520A6,11,DM08,,LC,17/12/2025,05/01/2026,05/01/2026,,A,A,D/O Inter-Div,27/01/2026,E613764,1200,PCS,6.53,7836,BT,0,0,7836,,,,,,,,WAITING RECEIVE,P/O BALANCE,
T2,71,DM,71DM,T271DM,SPINDLE MOTOR,ASSY,22243DW,NMB-MINEBEA THAI LIMITED,YDC9600,1119-621-00012,CONE (COATED),(NMB REV.B),DORADO 10D,4520A6,11,DM08,,LC,17/12/2025,05/01/2026,05/01/2026,,A,A,D/O Inter-Div,27/01/2026,E613765,1200,PCS,6.53,7836,BT,0,0,7836,,,,,,,,WAITING RECEIVE,P/O BALANCE,
T2,71,DM,71DM,T271DM,SPINDLE MOTOR,ASSY,22243DW,NMB-MINEBEA THAI LIMITED,YDC9600,1119-621-00012,CONE (COATED),(NMB REV.B),DORADO 10D,4520A6,11,DM08,,LC,17/12/2025,05/01/2026,05/01/2026,,A,A,D/O Inter-Div,27/01/2026,E613766,1200,PCS,6.53,7836,BT,0,0,7836,,,,,,,,WAITING RECEIVE,P/O BALANCE,
T2,71,DM,71DM,T271DM,SPINDLE MOTOR,ASSY,22243DW,NMB-MINEBEA THAI LIMITED,YDC9600,1119-621-00012,CONE (COATED),(NMB REV.B),DORADO 10D,4520A6,11,DM08,,LC,17/12/2025,05/01/2026,05/01/2026,,A,A,D/O Inter-Div,27/01/2026,E613767,1200,PCS,6.53,7836,BT,0,0,7836,,,,,,,,WAITING RECEIVE,P/O BALANCE,
T2,71,DM,71DM,T271DM,SPINDLE MOTOR,ASSY,22243DW,NMB-MINEBEA THAI LIMITED,YDC9600,1119-621-00012,CONE (COATED),(NMB REV.B),DORADO 10D,4520A6,11,DM08,,LC,17/12/2025,05/01/2026,05/01/2026,,A,A,D/O Inter-Div,27/01/2026,E613768,1200,PCS,6.53,7836,BT,0,0,7836,,,,,,,,WAITING RECEIVE,P/O BALANCE,
T2,71,DM,71DM,T271DM,SPINDLE MOTOR,ASSY,22243DW,NMB-MINEBEA THAI LIMITED,YDC9600,1119-621-00012,CONE (COATED),(NMB REV.B),DORADO 10D,4520A6,11,DM08,,LC,17/12/2025,05/01/2026,05/01/2026,,A,A,D/O Inter-Div,27/01/2026,E613769,1200,PCS,6.53,7836,BT,0,0,7836,,,,,,,,WAITING RECEIVE,P/O BALANCE,
T2,71,DM,71DM,T271DM,SPINDLE MOTOR,ASSY,22243DW,NMB-MINEBEA THAI LIMITED,YDC9600,1119-621-00012,CONE (COATED),(NMB REV.B),DORADO 10D,4520A6,11,DM08,,LC,17/12/2025,05/01/2026,05/01/2026,,A,A,D/O Inter-Div,27/01/2026,E613770,1200,PCS,6.53,7836,BT,0,0,7836,,,,,,,,WAITING RECEIVE,P/O BALANCE,
T2,71,DM,71DM,T271DM,SPINDLE MOTOR,ASSY,22243DW,NMB-MINEBEA THAI LIMITED,YDC9600,1119-621-00012,CONE (COATED),(NMB REV.B),DORADO 10D,4520A6,11,DM08,,LC,17/12/2025,05/01/2026,05/01/2026,,A,A,D/O Inter-Div,27/01/2026,E613771,1200,PCS,6.53,7836,BT,0,0,7836,,,,,,,,WAITING RECEIVE,P/O BALANCE,
T2,71,DM,71DM,T271DM,SPINDLE MOTOR,ASSY,22243DW,NMB-MINEBEA THAI LIMITED,YDC9600,1119-621-00012,CONE (COATED),(NMB REV.B),DORADO 10D,4520A6,11,DM08,,LC,17/12/2025,05/01/2026,05/01/2026,,A,A,D/O Inter-Div,27/01/2026,E613772,1200,PCS,6.53,7836,BT,0,0,7836,,,,,,,,WAITING RECEIVE,P/O BALANCE,
T2,71,DM,71DM,T271DM,SPINDLE MOTOR,ASSY,22243DW,NMB-MINEBEA THAI LIMITED,YDC9600,1119-621-00012,CONE (COATED),(NMB REV.B),DORADO 10D,4520A6,11,DM08,,LC,17/12/2025,05/01/2026,05/01/2026,,A,A,D/O Inter-Div,27/01/2026,E613773,1200,PCS,6.53,7836,BT,0,0,7836,,,,,,,,WAITING RECEIVE,P/O BALANCE,
T2,71,DM,71DM,T271DM,SPINDLE MOTOR,ASSY,22243DW,NMB-MINEBEA THAI LIMITED,YDC9600,1119-621-00012,CONE (COATED),(NMB REV.B),DORADO 10D,4520A6,11,DM08,,LC,17/12/2025,05/01/2026,05/01/2026,,A,A,D/O Inter-Div,27/01/2026,E613774,1200,PCS,6.53,7836,BT,0,0,7836,,,,,,,,WAITING RECEIVE,P/O BALANCE,
T2,71,DM,71DM,T271DM,SPINDLE MOTOR,ASSY,22243DW,NMB-MINEBEA THAI LIMITED,YDC9600,1119-621-00012,CONE (COATED),(NMB REV.B),DORADO 10D,4520A6,11,DM08,,LC,17/12/2025,05/01/2026,05/01/2026,,A,A,D/O Inter-Div,27/01/2026,E613775,1200,PCS,6.53,7836,BT,0,0,7836,,,,,,,,WAITING RECEIVE,P/O BALANCE,
T2,71,DM,71DM,T271DM,SPINDLE MOTOR,ASSY,22243DW,NMB-MINEBEA THAI LIMITED,YDC9600,1119-621-00012,CONE (COATED),(NMB REV.B),DORADO 10D,4520A6,11,DM08,,LC,17/12/2025,05/01/2026,05/01/2026,,A,A,D/O Inter-Div,27/01/2026,E613776,1200,PCS,6.53,7836,BT,0,0,7836,,,,,,,,WAITING RECEIVE,P/O BALANCE,
T2,71,DM,71DM,T271DM,SPINDLE MOTOR,ASSY,22243DW,NMB-MINEBEA THAI LIMITED,YDC9600,1119-621-00012,CONE (COATED),(NMB REV.B),DORADO 10D,4520A6,11,DM08,,LC,17/12/2025,05/01/2026,05/01/2026,,A,A,D/O Inter-Div,27/01/2026,E613777,1200,PCS,6.53,7836,BT,0,0,7836,,,,,,,,WAITING RECEIVE,P/O BALANCE,
T2,71,DM,71DM,T271DM,SPINDLE MOTOR,ASSY,22243DW,NMB-MINEBEA THAI LIMITED,YDC9600,1119-621-00012,CONE (COATED),(NMB REV.B),DORADO 10D,4520A6,11,DM08,,LC,17/12/2025,05/01/2026,05/01/2026,,A,A,D/O Inter-Div,27/01/2026,E613778,1200,PCS,6.53,7836,BT,0,0,7836,,,,,,,,WAITING RECEIVE,P/O BALANCE,
T2,71,DM,71DM,T271DM,SPINDLE MOTOR,ASSY,22243DW,NMB-MINEBEA THAI LIMITED,YDC9600,1119-621-00012,CONE (COATED),(NMB REV.B),DORADO 10D,4520A6,11,DM08,,LC,17/12/2025,05/01/2026,05/01/2026,,A,A,D/O Inter-Div,27/01/2026,E613779,1200,PCS,6.53,7836,BT,0,0,7836,,,,,,,,WAITING RECEIVE,P/O BALANCE,
T2,71,DM,71DM,T271DM,SPINDLE MOTOR,ASSY,22243DW,NMB-MINEBEA THAI LIMITED,YDC9600,1119-621-00012,CONE (COATED),(NMB REV.B),DORADO 10D,4520A6,11,DM08,,LC,17/12/2025,05/01/2026,05/01/2026,,A,A,D/O Inter-Div,27/01/2026,E613780,1200,PCS,6.53,7836,BT,0,0,7836,,,,,,,,WAITING RECEIVE,P/O BALANCE,
T2,71,DM,71DM,T271DM,SPINDLE MOTOR,ASSY,22243DW,NMB-MINEBEA THAI LIMITED,YDC9600,1119-621-00012,CONE (COATED),(NMB REV.B),DORADO 10D,4520A6,11,DM08,,LC,17/12/2025,05/01/2026,05/01/2026,,A,A,D/O Inter-Div,27/01/2026,E613781,1200,PCS,6.53,7836,BT,0,0,7836,,,,,,,,WAITING RECEIVE,P/O BALANCE,
T2,71,DM,71DM,T271DM,SPINDLE MOTOR,ASSY,22243DW,NMB-MINEBEA THAI LIMITED,YDC9600,1119-621-00012,CONE (COATED),(NMB REV.B),DORADO 10D,4520A6,11,DM08,,LC,17/12/2025,05/01/2026,05/01/2026,,A,A,D/O Inter-Div,27/01/2026,E613782,1200,PCS,6.53,7836,BT,0,0,7836,,,,,,,,WAITING RECEIVE,P/O BALANCE,
T2,71,DM,71DM,T271DM,SPINDLE MOTOR,ASSY,22243DW,NMB-MINEBEA THAI LIMITED,YDC9600,1119-621-00012,CONE (COATED),(NMB REV.B),DORADO 10D,4520A6,11,DM08,,LC,17/12/2025,05/01/2026,05/01/2026,,A,A,D/O Inter-Div,27/01/2026,E613783,1200,PCS,6.53,7836,BT,0,0,7836,,,,,,,,WAITING RECEIVE,P/O BALANCE,
T2,71,DM,71DM,T271DM,SPINDLE MOTOR,ASSY,22243DW,NMB-MINEBEA THAI LIMITED,YDC9600,1119-621-00012,CONE (COATED),(NMB REV.B),DORADO 10D,4520A6,11,DM08,,LC,17/12/2025,05/01/2026,05/01/2026,,A,A,D/O Inter-Div,27/01/2026,E613784,1200,PCS,6.53,7836,BT,0,0,7836,,,,,,,,WAITING RECEIVE,P/O BALANCE,
T2,71,DM,71DM,T271DM,SPINDLE MOTOR,ASSY,22243DW,NMB-MINEBEA THAI LIMITED,YDC9600,1119-621-00012,CONE (COATED),(NMB REV.B),DORADO 10D,4520A6,11,DM08,,LC,17/12/2025,05/01/2026,05/01/2026,,A,A,D/O Inter-Div,27/01/2026,E613785,1200,PCS,6.53,7836,BT,0,0,7836,,,,,,,,WAITING RECEIVE,P/O BALANCE,
T2,71,DM,71DM,T271DM,SPINDLE MOTOR,ASSY,22243DW,NMB-MINEBEA THAI LIMITED,YDC9600,1119-621-00012,CONE (COATED),(NMB REV.B),DORADO 10D,4520A6,11,DM08,,LC,17/12/2025,05/01/2026,05/01/2026,,A,A,D/O Inter-Div,27/01/2026,E613786,1200,PCS,6.53,7836,BT,0,0,7836,,,,,,,,WAITING RECEIVE,P/O BALANCE,
T2,71,DM,71DM,T271DM,SPINDLE MOTOR,ASSY,22243DW,NMB-MINEBEA THAI LIMITED,YDC9600,1119-621-00012,CONE (COATED),(NMB REV.B),DORADO 10D,4520A6,11,DM08,,LC,17/12/2025,05/01/2026,05/01/2026,,A,A,D/O Inter-Div,27/01/2026,E613787,1200,PCS,6.53,7836,BT,0,0,7836,,,,,,,,WAITING RECEIVE,P/O BALANCE,
T2,71,DM,71DM,T271DM,SPINDLE MOTOR,ASSY,22243DW,NMB-MINEBEA THAI LIMITED,YDC9600,1119-621-00012,CONE (COATED),(NMB REV.B),DORADO 10D,4520A6,11,DM08,,LC,17/12/2025,05/01/2026,05/01/2026,,A,A,D/O Inter-Div,27/01/2026,E613788,1200,PCS,6.53,7836,BT,0,0,7836,,,,,,,,WAITING RECEIVE,P/O BALANCE,
T2,71,DM,71DM,T271DM,SPINDLE MOTOR,ASSY,22243DW,NMB-MINEBEA THAI LIMITED,YDC9600,1119-621-00012,CONE (COATED),(NMB REV.B),DORADO 10D,4520A6,11,DM08,,LC,17/12/2025,05/01/2026,05/01/2026,,A,A,D/O Inter-Div,27/01/2026,E613789,1200,PCS,6.53,7836,BT,0,0,7836,,,,,,,,WAITING RECEIVE,P/O BALANCE,
T2,71,DM,71DM,T271DM,SPINDLE MOTOR,ASSY,22243DW,NMB-MINEBEA THAI LIMITED,YDC9600,1119-621-00012,CONE (COATED),(NMB REV.B),DORADO 10D,4520A6,11,DM08,,LC,17/12/2025,05/01/2026,05/01/2026,,A,A,D/O Inter-Div,27/01/2026,E613790,1200,PCS,6.53,7836,BT,0,0,7836,,,,,,,,WAITING RECEIVE,P/O BALANCE,
T2,71,DM,71DM,T271DM,SPINDLE MOTOR,ASSY,22243DW,NMB-MINEBEA THAI LIMITED,YDC9600,1119-621-00012,CONE (COATED),(NMB REV.B),DORADO 10D,4520A6,11,DM08,,LC,17/12/2025,05/01/2026,05/01/2026,,A,A,D/O Inter-Div,27/01/2026,E613791,1200,PCS,6.53,7836,BT,0,0,7836,,,,,,,,WAITING RECEIVE,P/O BALANCE,
T2,71,DM,71DM,T271DM,SPINDLE MOTOR,ASSY,22243DW,NMB-MINEBEA THAI LIMITED,YDC9600,1119-621-00012,CONE (COATED),(NMB REV.B),DORADO 10D,4520A6,11,DM08,,LC,17/12/2025,05/01/2026,05/01/2026,,A,A,D/O Inter-Div,27/01/2026,E613792,1200,PCS,6.53,7836,BT,0,0,7836,,,,,,,,WAITING RECEIVE,P/O BALANCE,
T2,71,DM,71DM,T271DM,SPINDLE MOTOR,ASSY,22243DW,NMB-MINEBEA THAI LIMITED,YDC9600,1119-621-00012,CONE (COATED),(NMB REV.B),DORADO 10D,4520A6,11,DM08,,LC,17/12/2025,05/01/2026,05/01/2026,,A,A,D/O Inter-Div,27/01/2026,E613793,1200,PCS,6.53,7836,BT,0,0,7836,,,,,,,,WAITING RECEIVE,P/O BALANCE,
T2,71,DM,71DM,T271DM,SPINDLE MOTOR,ASSY,22243DW,NMB-MINEBEA THAI LIMITED,YDC9600,1119-621-00012,CONE (COATED),(NMB REV.B),DORADO 10D,4520A6,11,DM08,,LC,17/12/2025,05/01/2026,05/01/2026,,A,A,D/O Inter-Div,27/01/2026,E613794,1200,PCS,6.53,7836,BT,0,0,7836,,,,,,,,WAITING RECEIVE,P/O BALANCE,
T2,71,DM,71DM,T271DM,SPINDLE MOTOR,ASSY,22243DW,NMB-MINEBEA THAI LIMITED,YDC9600,1119-621-00012,CONE (COATED),(NMB REV.B),DORADO 10D,4520A6,11,DM08,,LC,17/12/2025,05/01/2026,05/01/2026,,A,A,D/O Inter-Div,27/01/2026,E613795,1200,PCS,6.53,7836,BT,0,0,7836,,,,,,,,WAITING RECEIVE,P/O BALANCE,
T2,71,DM,71DM,T271DM,SPINDLE MOTOR,ASSY,22243DW,NMB-MINEBEA THAI LIMITED,YDC9600,1119-621-00012,CONE (COATED),(NMB REV.B),DORADO 10D,4520A6,11,DM08,,LC,17/12/2025,05/01/2026,05/01/2026,,A,A,D/O Inter-Div,27/01/2026,E613796,1200,PCS,6.53,7836,BT,0,0,7836,,,,,,,,WAITING RECEIVE,P/O BALANCE,
T2,71,DM,71DM,T271DM,SPINDLE MOTOR,ASSY,22243DW,NMB-MINEBEA THAI LIMITED,YDC9600,1119-621-00012,CONE (COATED),(NMB REV.B),DORADO 10D,4520A6,11,DM08,,LC,17/12/2025,05/01/2026,05/01/2026,,A,A,D/O Inter-Div,27/01/2026,E613797,1200,PCS,6.53,7836,BT,0,0,7836,,,,,,,,WAITING RECEIVE,P/O BALANCE,
T2,71,DM,71DM,T271DM,SPINDLE MOTOR,ASSY,22243DW,NMB-MINEBEA THAI LIMITED,YDC9600,1119-621-00012,CONE (COATED),(NMB REV.B),DORADO 10D,4520A6,11,DM08,,LC,17/12/2025,05/01/2026,05/01/2026,,A,A,D/O Inter-Div,27/01/2026,E613798,1200,PCS,6.53,7836,BT,0,0,7836,,,,,,,,WAITING RECEIVE,P/O BALANCE,
T2,71,DM,71DM,T271DM,SPINDLE MOTOR,ASSY,22243DW,NMB-MINEBEA THAI LIMITED,YDC9600,1119-621-00012,CONE (COATED),(NMB REV.B),DORADO 10D,4520A6,11,DM08,,LC,17/12/2025,05/01/2026,05/01/2026,,A,A,D/O Inter-Div,27/01/2026,E613799,1200,PCS,6.53,7836,BT,0,0,7836,,,,,,,,WAITING RECEIVE,P/O BALANCE,
T2,71,DM,71DM,T271DM,SPINDLE MOTOR,ASSY,22243DW,NMB-MINEBEA THAI LIMITED,YDC9600,1119-621-00012,CONE (COATED),(NMB REV.B),DORADO 10D,4520A6,11,DM08,,LC,17/12/2025,05/01/2026,05/01/2026,,A,A,D/O Inter-Div,27/01/2026,E613800,1200,PCS,6.53,7836,BT,0,0,7836,,,,,,,,WAITING RECEIVE,P/O BALANCE,
T2,71,DM,71DM,T271DM,SPINDLE MOTOR,ASSY,22243DW,NMB-MINEBEA THAI LIMITED,YDC9600,1119-621-00012,CONE (COATED),(NMB REV.B),DORADO 10D,4520A6,11,DM08,,LC,17/12/2025,05/01/2026,05/01/2026,,A,A,D/O Inter-Div,27/01/2026,E613801,1200,PCS,6.53,7836,BT,0,0,7836,,,,,,,,WAITING RECEIVE,P/O BALANCE,
T2,71,DM,71DM,T271DM,SPINDLE MOTOR,ASSY,22243DW,NMB-MINEBEA THAI LIMITED,YDC9601,1119-621-00012,CONE (COATED),(NMB REV.B),DORADO 10D,4520A6,11,DM08,,LC,17/12/2025,05/01/2026,05/01/2026,,A,A,D/O Inter-Div,27/01/2026,E613698,1200,PCS,6.53,7836,BT,0,0,7836,,,,,,,,WAITING RECEIVE,P/O BALANCE,
T2,71,DM,71DM,T271DM,SPINDLE MOTOR,ASSY,22243DW,NMB-MINEBEA THAI LIMITED,YDC9601,1119-621-00012,CONE (COATED),(NMB REV.B),DORADO 10D,4520A6,11,DM08,,LC,17/12/2025,05/01/2026,05/01/2026,,A,A,D/O Inter-Div,27/01/2026,E613802,1200,PCS,6.53,7836,BT,0,0,7836,,,,,,,,WAITING RECEIVE,P/O BALANCE,
T2,71,DM,71DM,T271DM,SPINDLE MOTOR,ASSY,22243DW,NMB-MINEBEA THAI LIMITED,YDC9601,1119-621-00012,CONE (COATED),(NMB REV.B),DORADO 10D,4520A6,11,DM08,,LC,17/12/2025,05/01/2026,05/01/2026,,A,A,D/O Inter-Div,27/01/2026,E613803,1200,PCS,6.53,7836,BT,0,0,7836,,,,,,,,WAITING RECEIVE,P/O BALANCE,
T2,71,DM,71DM,T271DM,SPINDLE MOTOR,ASSY,22243DW,NMB-MINEBEA THAI LIMITED,YDC9601,1119-621-00012,CONE (COATED),(NMB REV.B),DORADO 10D,4520A6,11,DM08,,LC,17/12/2025,05/01/2026,05/01/2026,,A,A,D/O Inter-Div,27/01/2026,E613804,1200,PCS,6.53,7836,BT,0,0,7836,,,,,,,,WAITING RECEIVE,P/O BALANCE,
T2,71,DM,71DM,T271DM,SPINDLE MOTOR,ASSY,22243DW,NMB-MINEBEA THAI LIMITED,YDC9601,1119-621-00012,CONE (COATED),(NMB REV.B),DORADO 10D,4520A6,11,DM08,,LC,17/12/2025,05/01/2026,05/01/2026,,A,A,D/O Inter-Div,27/01/2026,E613805,1200,PCS,6.53,7836,BT,0,0,7836,,,,,,,,WAITING RECEIVE,P/O BALANCE,
T2,71,DM,71DM,T271DM,SPINDLE MOTOR,ASSY,22243DW,NMB-MINEBEA THAI LIMITED,YDC9601,1119-621-00012,CONE (COATED),(NMB REV.B),DORADO 10D,4520A6,11,DM08,,LC,17/12/2025,05/01/2026,05/01/2026,,A,A,D/O Inter-Div,27/01/2026,E613806,1200,PCS,6.53,7836,BT,0,0,7836,,,,,,,,WAITING RECEIVE,P/O BALANCE,
T2,71,DM,71DM,T271DM,SPINDLE MOTOR,ASSY,22243DW,NMB-MINEBEA THAI LIMITED,YDC9601,1119-621-00012,CONE (COATED),(NMB REV.B),DORADO 10D,4520A6,11,DM08,,LC,17/12/2025,05/01/2026,05/01/2026,,A,A,D/O Inter-Div,27/01/2026,E613807,1200,PCS,6.53,7836,BT,0,0,7836,,,,,,,,WAITING RECEIVE,P/O BALANCE,
T2,71,DM,71DM,T271DM,SPINDLE MOTOR,ASSY,22243DW,NMB-MINEBEA THAI LIMITED,YDC9601,1119-621-00012,CONE (COATED),(NMB REV.B),DORADO 10D,4520A6,11,DM08,,LC,17/12/2025,05/01/2026,05/01/2026,,A,A,D/O Inter-Div,27/01/2026,E613808,1200,PCS,6.53,7836,BT,0,0,7836,,,,,,,,WAITING RECEIVE,P/O BALANCE,
T2,71,DM,71DM,T271DM,SPINDLE MOTOR,ASSY,22243DW,NMB-MINEBEA THAI LIMITED,YDC9601,1119-621-00012,CONE (COATED),(NMB REV.B),DORADO 10D,4520A6,11,DM08,,LC,17/12/2025,05/01/2026,05/01/2026,,A,A,D/O Inter-Div,27/01/2026,E613809,1200,PCS,6.53,7836,BT,0,0,7836,,,,,,,,WAITING RECEIVE,P/O BALANCE,
T2,71,DM,71DM,T271DM,SPINDLE MOTOR,ASSY,22243DW,NMB-MINEBEA THAI LIMITED,YDC9601,1119-621-00012,CONE (COATED),(NMB REV.B),DORADO 10D,4520A6,11,DM08,,LC,17/12/2025,05/01/2026,05/01/2026,,A,A,D/O Inter-Div,27/01/2026,E613810,1200,PCS,6.53,7836,BT,0,0,7836,,,,,,,,WAITING RECEIVE,P/O BALANCE,
T2,71,DM,71DM,T271DM,SPINDLE MOTOR,ASSY,22243DW,NMB-MINEBEA THAI LIMITED,YDC9601,1119-621-00012,CONE (COATED),(NMB REV.B),DORADO 10D,4520A6,11,DM08,,LC,17/12/2025,05/01/2026,05/01/2026,,A,A,D/O Inter-Div,27/01/2026,E613811,1200,PCS,6.53,7836,BT,0,0,7836,,,,,,,,WAITING RECEIVE,P/O BALANCE,
T2,71,DM,71DM,T271DM,SPINDLE MOTOR,ASSY,22243DW,NMB-MINEBEA THAI LIMITED,YDC9601,1119-621-00012,CONE (COATED),(NMB REV.B),DORADO 10D,4520A6,11,DM08,,LC,17/12/2025,05/01/2026,05/01/2026,,A,A,D/O Inter-Div,27/01/2026,E613812,1200,PCS,6.53,7836,BT,0,0,7836,,,,,,,,WAITING RECEIVE,P/O BALANCE,
T2,71,DM,71DM,T271DM,SPINDLE MOTOR,ASSY,22243DW,NMB-MINEBEA THAI LIMITED,YDC9601,1119-621-00012,CONE (COATED),(NMB REV.B),DORADO 10D,4520A6,11,DM08,,LC,17/12/2025,05/01/2026,05/01/2026,,A,A,D/O Inter-Div,27/01/2026,E613813,1200,PCS,6.53,7836,BT,0,0,7836,,,,,,,,WAITING RECEIVE,P/O BALANCE,
T2,71,DM,71DM,T271DM,SPINDLE MOTOR,ASSY,22243DW,NMB-MINEBEA THAI LIMITED,YDC9601,1119-621-00012,CONE (COATED),(NMB REV.B),DORADO 10D,4520A6,11,DM08,,LC,17/12/2025,05/01/2026,05/01/2026,,A,A,D/O Inter-Div,27/01/2026,E613814,1200,PCS,6.53,7836,BT,0,0,7836,,,,,,,,WAITING RECEIVE,P/O BALANCE,
T2,71,DM,71DM,T271DM,SPINDLE MOTOR,ASSY,22243DW,NMB-MINEBEA THAI LIMITED,YDC9601,1119-621-00012,CONE (COATED),(NMB REV.B),DORADO 10D,4520A6,11,DM08,,LC,17/12/2025,05/01/2026,05/01/2026,,A,A,D/O Inter-Div,27/01/2026,E613815,1200,PCS,6.53,7836,BT,0,0,7836,,,,,,,,WAITING RECEIVE,P/O BALANCE,
T2,71,DM,71DM,T271DM,SPINDLE MOTOR,ASSY,22243DW,NMB-MINEBEA THAI LIMITED,YDC9601,1119-621-00012,CONE (COATED),(NMB REV.B),DORADO 10D,4520A6,11,DM08,,LC,17/12/2025,05/01/2026,05/01/2026,,A,A,D/O Inter-Div,27/01/2026,E613816,1200,PCS,6.53,7836,BT,0,0,7836,,,,,,,,WAITING RECEIVE,P/O BALANCE,
T2,71,DM,71DM,T271DM,SPINDLE MOTOR,ASSY,22243DW,NMB-MINEBEA THAI LIMITED,YDC9601,1119-621-00012,CONE (COATED),(NMB REV.B),DORADO 10D,4520A6,11,DM08,,LC,17/12/2025,05/01/2026,05/01/2026,,A,A,D/O Inter-Div,27/01/2026,E613817,1200,PCS,6.53,7836,BT,0,0,7836,,,,,,,,WAITING RECEIVE,P/O BALANCE,
T2,71,DM,71DM,T271DM,SPINDLE MOTOR,ASSY,22243DW,NMB-MINEBEA THAI LIMITED,YDC9601,1119-621-00012,CONE (COATED),(NMB REV.B),DORADO 10D,4520A6,11,DM08,,LC,17/12/2025,05/01/2026,05/01/2026,,A,A,D/O Inter-Div,27/01/2026,E613818,1200,PCS,6.53,7836,BT,0,0,7836,,,,,,,,WAITING RECEIVE,P/O BALANCE,
T2,71,DM,71DM,T271DM,SPINDLE MOTOR,ASSY,22243DW,NMB-MINEBEA THAI LIMITED,YDC9601,1119-621-00012,CONE (COATED),(NMB REV.B),DORADO 10D,4520A6,11,DM08,,LC,17/12/2025,05/01/2026,05/01/2026,,A,A,D/O Inter-Div,27/01/2026,E613819,1200,PCS,6.53,7836,BT,0,0,7836,,,,,,,,WAITING RECEIVE,P/O BALANCE,
T2,71,DM,71DM,T271DM,SPINDLE MOTOR,ASSY,22243DW,NMB-MINEBEA THAI LIMITED,YDC9601,1119-621-00012,CONE (COATED),(NMB REV.B),DORADO 10D,4520A6,11,DM08,,LC,17/12/2025,05/01/2026,05/01/2026,,A,A,D/O Inter-Div,27/01/2026,E613820,1200,PCS,6.53,7836,BT,0,0,7836,,,,,,,,WAITING RECEIVE,P/O BALANCE,
T2,71,DM,71DM,T271DM,SPINDLE MOTOR,ASSY,22243DW,NMB-MINEBEA THAI LIMITED,YDC9601,1119-621-00012,CONE (COATED),(NMB REV.B),DORADO 10D,4520A6,11,DM08,,LC,17/12/2025,05/01/2026,05/01/2026,,A,A,D/O Inter-Div,27/01/2026,E613821,1200,PCS,6.53,7836,BT,0,0,7836,,,,,,,,WAITING RECEIVE,P/O BALANCE,
T2,71,DM,71DM,T271DM,SPINDLE MOTOR,ASSY,22243DW,NMB-MINEBEA THAI LIMITED,YDC9601,1119-621-00012,CONE (COATED),(NMB REV.B),DORADO 10D,4520A6,11,DM08,,LC,17/12/2025,05/01/2026,05/01/2026,,A,A,D/O Inter-Div,27/01/2026,E613822,1200,PCS,6.53,7836,BT,0,0,7836,,,,,,,,WAITING RECEIVE,P/O BALANCE,
T2,71,DM,71DM,T271DM,SPINDLE MOTOR,ASSY,22243DW,NMB-MINEBEA THAI LIMITED,YDC9601,1119-621-00012,CONE (COATED),(NMB REV.B),DORADO 10D,4520A6,11,DM08,,LC,17/12/2025,05/01/2026,05/01/2026,,A,A,D/O Inter-Div,27/01/2026,E613823,1200,PCS,6.53,7836,BT,0,0,7836,,,,,,,,WAITING RECEIVE,P/O BALANCE,
T2,71,DM,71DM,T271DM,SPINDLE MOTOR,ASSY,22243DW,NMB-MINEBEA THAI LIMITED,YDC9601,1119-621-00012,CONE (COATED),(NMB REV.B),DORADO 10D,4520A6,11,DM08,,LC,17/12/2025,05/01/2026,05/01/2026,,A,A,D/O Inter-Div,27/01/2026,E613824,1200,PCS,6.53,7836,BT,0,0,7836,,,,,,,,WAITING RECEIVE,P/O BALANCE,
T2,71,DM,71DM,T271DM,SPINDLE MOTOR,ASSY,22243DW,NMB-MINEBEA THAI LIMITED,YDC9601,1119-621-00012,CONE (COATED),(NMB REV.B),DORADO 10D,4520A6,11,DM08,,LC,17/12/2025,05/01/2026,05/01/2026,,A,A,D/O Inter-Div,27/01/2026,E613825,1200,PCS,6.53,7836,BT,0,0,7836,,,,,,,,WAITING RECEIVE,P/O BALANCE,
T2,71,DM,71DM,T271DM,SPINDLE MOTOR,ASSY,22243DW,NMB-MINEBEA THAI LIMITED,YDC9601,1119-621-00012,CONE (COATED),(NMB REV.B),DORADO 10D,4520A6,11,DM08,,LC,17/12/2025,05/01/2026,05/01/2026,,A,A,D/O Inter-Div,27/01/2026,E613826,1200,PCS,6.53,7836,BT,0,0,7836,,,,,,,,WAITING RECEIVE,P/O BALANCE,
T2,71,DM,71DM,T271DM,SPINDLE MOTOR,ASSY,22243DW,NMB-MINEBEA THAI LIMITED,YDC9601,1119-621-00012,CONE (COATED),(NMB REV.B),DORADO 10D,4520A6,11,DM08,,LC,17/12/2025,05/01/2026,05/01/2026,,A,A,D/O Inter-Div,27/01/2026,E613827,1200,PCS,6.53,7836,BT,0,0,7836,,,,,,,,WAITING RECEIVE,P/O BALANCE,
T2,71,DM,71DM,T271DM,SPINDLE MOTOR,ASSY,22243DW,NMB-MINEBEA THAI LIMITED,YDC9601,1119-621-00012,CONE (COATED),(NMB REV.B),DORADO 10D,4520A6,11,DM08,,LC,17/12/2025,05/01/2026,05/01/2026,,A,A,D/O Inter-Div,27/01/2026,E613828,1200,PCS,6.53,7836,BT,0,0,7836,,,,,,,,WAITING RECEIVE,P/O BALANCE,
T2,71,DM,71DM,T271DM,SPINDLE MOTOR,ASSY,22243DW,NMB-MINEBEA THAI LIMITED,YDC9601,1119-621-00012,CONE (COATED),(NMB REV.B),DORADO 10D,4520A6,11,DM08,,LC,17/12/2025,05/01/2026,05/01/2026,,A,A,D/O Inter-Div,27/01/2026,E613829,1200,PCS,6.53,7836,BT,0,0,7836,,,,,,,,WAITING RECEIVE,P/O BALANCE,
T2,71,DM,71DM,T271DM,SPINDLE MOTOR,ASSY,22243DW,NMB-MINEBEA THAI LIMITED,YDC9601,1119-621-00012,CONE (COATED),(NMB REV.B),DORADO 10D,4520A6,11,DM08,,LC,17/12/2025,05/01/2026,05/01/2026,,A,A,D/O Inter-Div,27/01/2026,E613830,1200,PCS,6.53,7836,BT,0,0,7836,,,,,,,,WAITING RECEIVE,P/O BALANCE,
T2,71,DM,71DM,T271DM,SPINDLE MOTOR,ASSY,22243DW,NMB-MINEBEA THAI LIMITED,YDC9601,1119-621-00012,CONE (COATED),(NMB REV.B),DORADO 10D,4520A6,11,DM08,,LC,17/12/2025,05/01/2026,05/01/2026,,A,A,D/O Inter-Div,27/01/2026,E613831,1200,PCS,6.53,7836,BT,0,0,7836,,,,,,,,WAITING RECEIVE,P/O BALANCE,
T2,71,DM,71DM,T271DM,SPINDLE MOTOR,ASSY,22243DW,NMB-MINEBEA THAI LIMITED,YDC9601,1119-621-00012,CONE (COATED),(NMB REV.B),DORADO 10D,4520A6,11,DM08,,LC,17/12/2025,05/01/2026,05/01/2026,,A,A,D/O Inter-Div,27/01/2026,E613832,1200,PCS,6.53,7836,BT,0,0,7836,,,,,,,,WAITING RECEIVE,P/O BALANCE,
T2,71,DM,71DM,T271DM,SPINDLE MOTOR,ASSY,22243DW,NMB-MINEBEA THAI LIMITED,YDC9601,1119-621-00012,CONE (COATED),(NMB REV.B),DORADO 10D,4520A6,11,DM08,,LC,17/12/2025,05/01/2026,05/01/2026,,A,A,D/O Inter-Div,27/01/2026,E613833,1200,PCS,6.53,7836,BT,0,0,7836,,,,,,,,WAITING RECEIVE,P/O BALANCE,
T2,71,DM,71DM,T271DM,SPINDLE MOTOR,ASSY,22243DW,NMB-MINEBEA THAI LIMITED,YDC9601,1119-621-00012,CONE (COATED),(NMB REV.B),DORADO 10D,4520A6,11,DM08,,LC,17/12/2025,05/01/2026,05/01/2026,,A,A,D/O Inter-Div,27/01/2026,E613834,1200,PCS,6.53,7836,BT,0,0,7836,,,,,,,,WAITING RECEIVE,P/O BALANCE,
T2,71,DM,71DM,T271DM,SPINDLE MOTOR,ASSY,22243DW,NMB-MINEBEA THAI LIMITED,YDC9601,1119-621-00012,CONE (COATED),(NMB REV.B),DORADO 10D,4520A6,11,DM08,,LC,17/12/2025,05/01/2026,05/01/2026,,A,A,D/O Inter-Div,27/01/2026,E613835,1200,PCS,6.53,7836,BT,0,0,7836,,,,,,,,WAITING RECEIVE,P/O BALANCE,
T2,71,DM,71DM,T271DM,SPINDLE MOTOR,ASSY,22243DW,NMB-MINEBEA THAI LIMITED,YDC9601,1119-621-00012,CONE (COATED),(NMB REV.B),DORADO 10D,4520A6,11,DM08,,LC,17/12/2025,05/01/2026,05/01/2026,,A,A,D/O Inter-Div,27/01/2026,E613836,1200,PCS,6.53,7836,BT,0,0,7836,,,,,,,,WAITING RECEIVE,P/O BALANCE,
T2,71,DM,71DM,T271DM,SPINDLE MOTOR,ASSY,22243DW,NMB-MINEBEA THAI LIMITED,YDC9601,1119-621-00012,CONE (COATED),(NMB REV.B),DORADO 10D,4520A6,11,DM08,,LC,17/12/2025,05/01/2026,05/01/2026,,A,A,D/O Inter-Div,27/01/2026,E613837,1200,PCS,6.53,7836,BT,0,0,7836,,,,,,,,WAITING RECEIVE,P/O BALANCE,
T2,71,DM,71DM,T271DM,SPINDLE MOTOR,ASSY,22243DW,NMB-MINEBEA THAI LIMITED,YDC9601,1119-621-00012,CONE (COATED),(NMB REV.B),DORADO 10D,4520A6,11,DM08,,LC,17/12/2025,05/01/2026,05/01/2026,,A,A,D/O Inter-Div,27/01/2026,E613838,1200,PCS,6.53,7836,BT,0,0,7836,,,,,,,,WAITING RECEIVE,P/O BALANCE,
T2,71,DM,71DM,T271DM,SPINDLE MOTOR,ASSY,22243DW,NMB-MINEBEA THAI LIMITED,YDC9601,1119-621-00012,CONE (COATED),(NMB REV.B),DORADO 10D,4520A6,11,DM08,,LC,17/12/2025,05/01/2026,05/01/2026,,A,A,D/O Inter-Div,27/01/2026,E613839,1200,PCS,6.53,7836,BT,0,0,7836,,,,,,,,WAITING RECEIVE,P/O BALANCE,
T2,71,DM,71DM,T271DM,SPINDLE MOTOR,ASSY,22243DW,NMB-MINEBEA THAI LIMITED,YDC9601,1119-621-00012,CONE (COATED),(NMB REV.B),DORADO 10D,4520A6,11,DM08,,LC,17/12/2025,05/01/2026,05/01/2026,,A,A,D/O Inter-Div,27/01/2026,E613840,1200,PCS,6.53,7836,BT,0,0,7836,,,,,,,,WAITING RECEIVE,P/O BALANCE,
T2,71,DM,71DM,T271DM,SPINDLE MOTOR,ASSY,22243DW,NMB-MINEBEA THAI LIMITED,YDC9601,1119-621-00012,CONE (COATED),(NMB REV.B),DORADO 10D,4520A6,11,DM08,,LC,17/12/2025,05/01/2026,05/01/2026,,A,A,D/O Inter-Div,27/01/2026,E613841,1200,PCS,6.53,7836,BT,0,0,7836,,,,,,,,WAITING RECEIVE,P/O BALANCE,
T2,71,DM,71DM,T271DM,SPINDLE MOTOR,ASSY,22243DW,NMB-MINEBEA THAI LIMITED,YDC9601,1119-621-00012,CONE (COATED),(NMB REV.B),DORADO 10D,4520A6,11,DM08,,LC,17/12/2025,05/01/2026,05/01/2026,,A,A,D/O Inter-Div,27/01/2026,E613842,1200,PCS,6.53,7836,BT,0,0,7836,,,,,,,,WAITING RECEIVE,P/O BALANCE,
T2,71,DM,71DM,T271DM,SPINDLE MOTOR,ASSY,22243DW,NMB-MINEBEA THAI LIMITED,YDC9601,1119-621-00012,CONE (COATED),(NMB REV.B),DORADO 10D,4520A6,11,DM08,,LC,17/12/2025,05/01/2026,05/01/2026,,A,A,D/O Inter-Div,27/01/2026,E613843,1200,PCS,6.53,7836,BT,0,0,7836,,,,,,,,WAITING RECEIVE,P/O BALANCE,
T2,71,DM,71DM,T271DM,SPINDLE MOTOR,ASSY,22243DW,NMB-MINEBEA THAI LIMITED,YDC9601,1119-621-00012,CONE (COATED),(NMB REV.B),DORADO 10D,4520A6,11,DM08,,LC,17/12/2025,05/01/2026,05/01/2026,,A,A,D/O Inter-Div,27/01/2026,E613844,1200,PCS,6.53,7836,BT,0,0,7836,,,,,,,,WAITING RECEIVE,P/O BALANCE,
T2,71,DM,71DM,T271DM,SPINDLE MOTOR,ASSY,22243DW,NMB-MINEBEA THAI LIMITED,YD48259,1124-150-00006,HYDROFLUID BEARING,(NMB REV.B),V15CMR 2D IRIS,4520D3,12,,,LC,09/12/2025,01/02/2026,01/02/2026,,A,A,D/O Inter-Div,27/01/2026,DW61015,1947,PCS,21.4175,41699.87,BT,0,0,41699.87,,,,,,,,WAITING RECEIVE,P/O BALANCE,
T2,71,DM,71DM,T271DM,SPINDLE MOTOR,ASSY,22243DW,NMB-MINEBEA THAI LIMITED,YD48259,1124-150-00006,HYDROFLUID BEARING,(NMB REV.B),V15CMR 2D IRIS,4520D3,12,,,LC,09/12/2025,01/02/2026,01/02/2026,,A,A,D/O Inter-Div,27/01/2026,DW61016,100,PCS,21.4175,2141.75,BT,0,0,2141.75,,,,,,,,WAITING RECEIVE,P/O BALANCE,
T2,71,DM,71DM,T271DM,SPINDLE MOTOR,ASSY,22243DW,NMB-MINEBEA THAI LIMITED,YD48259,1124-150-00006,HYDROFLUID BEARING,(NMB REV.B),V15CMR 2D IRIS,4520D3,12,,,LC,09/12/2025,01/02/2026,01/02/2026,,A,A,D/O Inter-Div,27/01/2026,DW61017,1753,PCS,21.4175,37544.88,BT,0,0,37544.88,,,,,,,,WAITING RECEIVE,P/O BALANCE,
T2,71,DM,71DM,T271DM,SPINDLE MOTOR,ASSY,22244BB,NMB-MINEBEA THAI LIMITED,YDC9534,1119-181-00031A,BASEPLATE,NMB+NMB+NMB D743061000 R.F(NMB.C),CIMARRON BP 3D,4520B2,12,DM03,,LC,12/12/2025,05/01/2026,05/01/2026,,A,A,D/O Inter-Div,27/01/2026,BG10971,4704,PCS,58.49,275136.96,BT,0,0,275136.96,,,,,,,,WAITING RECEIVE,P/O BALANCE,
T2,71,DM,71DM,T271DM,SPINDLE MOTOR,ASSY,22244BB,NMB-MINEBEA THAI LIMITED,YDC9534,1119-181-00031A,BASEPLATE,NMB+NMB+NMB D743061000 R.F(NMB.C),CIMARRON BP 3D,4520B2,12,DM03,,LC,12/12/2025,05/01/2026,05/01/2026,,A,A,D/O Inter-Div,27/01/2026,BG10986,2352,PCS,58.49,137568.48,BT,0,0,137568.48,,,,,,,,WAITING RECEIVE,P/O BALANCE,
T2,71,DM,71DM,T271DM,SPINDLE MOTOR,ASSY,22244BB,NMB-MINEBEA THAI LIMITED,YDC9538,1123-181-00002F,BASEPLATE,NMB+MMI+NMB D760370400 R.G (NMB.E),MARLIN 10D,4520B2,11,DM03,,LC,12/12/2025,05/01/2026,05/01/2026,,A,A,D/O Inter-Div,27/01/2026,BG10985,4704,PCS,153.3,721123.2,BT,0,0,721123.2,,,,,,,,WAITING RECEIVE,P/O BALANCE,
T2,71,DM,71DM,T271DM,SPINDLE MOTOR,ASSY,22244BB,NMB-MINEBEA THAI LIMITED,YDC9539,1123-181-00002H,BASEPLATE,NMB+MMI+MMI D760370400 R.G (NMB.E),MARLIN 10D,4520B2,11,DM03,,LC,12/12/2025,05/01/2026,05/01/2026,,A,A,D/O Inter-Div,27/01/2026,BG10977,4704,PCS,153.3,721123.2,BT,0,0,721123.2,,,,,,,,WAITING RECEIVE,P/O BALANCE,
